#{"t_start": 1682286817.8727129, "env_id": null}
r,l,t
11.570555,38,1.119612
9.432297,38,1.722943
26.0,38,2.580966
87.444518,38,3.262109
17.668804,38,4.09298
15.212666,38,4.859163
18.034092,38,5.448943
19.118718,38,6.277827
12.4,38,7.03278
33.0,38,7.763134
8.55292,38,8.467884
7.825219,38,9.134068
6.727174,38,9.753519
4.508941,38,10.433294
33.30051,38,11.437513
7.626579,38,12.094578
240.0,38,12.924269
19.766483,38,13.596244
6.678374,38,14.268223
4.935781,38,15.037339
17.981815,38,15.841236
16.967847,38,17.052275
25.59189,38,17.773236
4.454369,38,18.390872
44.584467,38,18.990303
23.0,38,19.787326
4.277622,38,20.466181
32.908278,38,21.306002
14.669009,38,22.034372
16.535058,38,22.604656
28.591221,38,23.133872
17.47127,38,23.782406
31.681074,38,24.427592
32.966578,38,25.103978
3.713555,38,25.919849
22.0,38,26.675125
32.338994,38,27.441034
10.924762,38,28.220092
20.18286,38,28.974783
16.352112,38,29.798291
48.318168,38,30.797113
18.8,38,31.4746
21.043566,38,32.130243
8.616493,38,33.048486
9.873838,38,33.693053
65.927307,38,34.322418
24.071882,38,35.080129
31.919347,38,35.673369
12.428633,38,36.532036
17.631177,38,37.233108
7.179635,38,38.058469
29.0,38,38.718341
44.504011,38,39.376469
4.894866,38,42.216364
14.4,38,42.887992
10.268624,38,43.571207
4.113695,38,44.183722
20.091279,38,45.417376
58.38501,38,46.615528
11.088364,38,47.401916
6.682755,38,48.142803
11.832531,38,48.792962
10.811277,38,49.438623
15.037245,38,50.292626
4.221945,38,51.178634
21.256365,38,51.892058
13.676318,38,52.644315
15.448417,38,53.287973
4.083207,38,54.102655
7.030933,38,54.806011
5.352551,38,55.44956
11.887178,38,56.173394
11.845094,38,56.842509
22.0,38,57.425866
22.911938,38,58.382297
16.0,38,59.701294
60.0,38,60.808426
5.947889,38,61.927105
20.0,38,62.800987
12.260312,38,64.130447
22.06195,38,65.724121
15.229415,38,67.302158
28.430069,38,68.541265
190.0,38,69.669533
64.0,38,70.991089
47.192246,38,73.994247
9.588236,38,75.145774
45.076923,38,76.100962
35.334936,38,77.156722
5.101617,38,77.997596
30.848656,38,78.953315
26.361781,38,80.317589
6.354262,38,82.253976
6.827839,38,83.221771
23.342893,38,84.632851
13.142514,38,86.070523
26.766355,38,87.071039
21.161521,38,87.885634
32.97918,38,88.94829
2.627589,38,89.90244
38.0,38,91.684069
18.900928,38,96.339991
7.386434,38,97.676518
30.0,38,98.632478
11.735994,38,100.416017
29.859095,38,101.194478
4.577526,38,102.041763
9.815144,38,107.2437
9.389902,38,108.575813
8.023668,38,109.799781
101.671499,38,111.550579
13.578943,38,112.534237
6.076321,38,113.282317
13.995383,38,114.065762
3.429765,38,114.926372
15.2,38,115.793103
6.984574,38,116.532114
39.118465,38,117.257145
40.0,38,117.836258
22.630985,38,118.505937
23.527999,38,119.354623
9.858854,38,120.182691
27.791177,38,121.570115
13.469195,38,122.252252
28.0,38,123.118719
17.100843,38,123.892351
25.0,38,124.953242
7.951494,38,125.91713
21.0,38,126.882643
5.787495,38,127.495671
21.0,38,128.77733
10.976065,38,129.769474
18.56,38,130.514139
5.818862,38,131.52687
6.327531,38,132.188184
8.105146,38,133.220988
15.796528,38,134.147788
6.838373,38,135.008678
22.833872,38,135.817482
21.421375,38,136.613154
27.063367,38,137.367745
8.606905,38,138.259612
13.539315,38,139.568555
31.053302,38,140.458974
14.4,38,141.883235
14.470912,38,142.643798
201.726428,38,143.564755
15.491593,38,144.468582
13.801949,38,145.343524
11.206321,38,146.260795
3.687971,38,147.056675
12.898628,38,147.813375
11.767879,38,148.487635
17.852771,38,149.405822
19.892654,38,150.245745
9.735168,38,151.473691
4.707526,38,152.686423
20.003249,38,153.809603
21.360533,38,155.793446
13.6,38,157.203724
7.255408,38,158.112329
8.625408,38,161.797758
22.0,38,162.65371
16.437006,38,163.44854
14.545723,38,164.423283
26.0,38,166.459631
8.2,38,167.389987
34.0,38,168.21929
44.36897,38,168.897408
21.038742,38,169.802361
37.0,38,170.742111
20.715949,38,171.563306
41.495891,38,172.679507
31.450512,38,173.317538
38.0,38,174.23447
23.243029,38,176.696511
10.840846,38,178.303198
17.393805,38,179.373263
13.797601,38,180.183306
5.579451,38,181.212193
11.718035,38,182.671682
4.69664,38,184.069861
9.697202,38,185.802041
48.976229,38,186.603716
17.8104,38,187.404875
8.230093,38,188.208323
8.806614,38,189.051809
24.0,38,189.81694
53.597234,38,190.463413
9.463742,38,191.134849
4.84698,38,191.894733
8.563765,38,192.599543
15.051015,38,193.294366
34.300721,38,193.990959
18.027556,38,194.567546
16.0,38,195.503049
22.214295,38,197.700808
24.926551,38,198.503988
16.628582,38,199.438962
13.351079,38,201.018367
4.177159,38,201.860529
18.305247,38,203.291753
4.643997,38,204.088662
23.0,38,204.861632
12.318644,38,205.620409
6.143016,38,206.302524
55.280597,38,207.278346
13.741483,38,208.504811
36.462051,38,210.040916
13.997822,38,212.028842
4.135195,38,213.415855
19.2,38,214.507623
13.2,38,215.430812
22.140987,38,216.229512
37.010648,38,217.063108
14.438867,38,220.079225
16.365497,38,221.03129
56.155138,38,221.748321
13.6,38,222.620608
14.8,38,223.959057
31.0,38,225.766026
9.6,38,226.977999
12.383879,38,228.353041
19.88127,38,229.40062
10.83858,38,230.83347
37.598892,38,231.807165
5.96704,38,232.892021
16.8,38,233.597848
17.800734,38,234.521443
20.480712,38,235.736777
42.0,38,236.679522
28.752412,38,237.786652
12.353835,38,238.554802
25.220584,38,239.403255
17.263426,38,240.317101
11.386453,38,241.500416
48.0,38,242.341161
27.0,38,243.285673
20.217618,38,244.684526
4.391725,38,246.336158
19.989727,38,247.73374
5.772919,38,249.245241
5.00156,38,250.66698
42.000756,38,252.163677
26.583142,38,253.321861
3.836469,38,254.377617
9.449327,38,255.390508
46.505369,38,256.233931
44.0,38,257.250166
42.0,38,258.17899
10.90537,38,259.111326
9.8,38,260.097105
12.0,38,261.02652
44.972664,38,262.237342
412.718447,38,263.497835
3.934348,38,264.667444
16.415546,38,266.113105
18.186397,38,267.51843
5.589743,38,269.320542
18.707073,38,272.039191
18.541651,38,273.734159
4.600916,38,275.488303
9.043611,38,277.327725
12.0,38,278.81216
21.003734,38,280.319066
66.91702,38,282.38756
59.65096,38,284.404868
13.515053,38,286.426819
8.282004,38,288.672356
25.0,38,294.460204
20.0,38,295.565358
14.77577,38,296.511021
36.137318,38,297.668064
63.055684,38,298.911488
99.888827,38,299.867226
7.737291,38,300.563958
5.128337,38,301.229161
18.787188,38,301.920655
9.447992,38,302.672988
20.541815,38,303.714745
6.134534,38,305.07422
10.010033,38,305.871915
8.238257,38,306.517634
48.0,38,307.223019
17.858186,38,308.866201
10.755282,38,310.000186
14.745179,38,311.269863
63.361528,38,311.86815
60.0,38,312.519298
15.974683,38,313.245316
52.35272,38,313.908287
6.229421,38,314.586922
13.102101,38,315.236563
10.788181,38,315.83815
7.939265,38,316.462741
3.621883,38,317.255629
6.39035,38,317.864398
32.916221,38,318.498179
6.223993,38,319.108018
2.799451,38,319.643836
5.833825,38,320.246499
9.755341,38,320.972978
6.382398,38,321.600543
8.012619,38,322.253392
11.762139,38,322.844465
7.256115,38,323.394162
14.0,38,324.050948
7.242246,38,324.788568
7.975005,38,325.473729
21.0,38,326.889829
33.620008,38,328.604576
9.368776,38,330.214103
2.660608,38,331.575461
8.4,38,332.585446
7.520094,38,333.379708
26.452422,38,334.167195
21.242219,38,334.892577
6.695718,38,335.694872
28.306156,38,336.496291
28.860364,38,337.229775
12.000351,38,337.811186
13.464769,38,338.453009
28.748779,38,339.822568
9.4,38,343.628569
9.2,38,344.312222
10.620875,38,346.144919
13.2,38,348.295605
19.380063,38,349.650021
27.0,38,350.969233
10.428135,38,352.437842
9.13558,38,353.571777
5.744663,38,354.344256
28.788673,38,355.139153
46.0,38,356.406691
16.832523,38,357.517186
7.882031,38,358.5776
24.396226,38,359.431814
28.071927,38,360.494142
22.797486,38,361.200947
90.340753,38,362.137528
46.425765,38,363.033924
58.0,38,363.754079
15.956868,38,364.584925
9.424812,38,365.310536
7.132245,38,366.000584
47.377688,38,366.765499
4.677754,38,367.666655
12.812463,38,368.478961
19.876369,38,369.598491
16.190374,38,370.572531
23.429727,38,371.954013
35.140837,38,372.657221
12.0,38,373.369403
24.234515,38,374.058431
20.732258,38,374.657525
6.182982,38,375.304099
9.157598,38,376.287014
11.97266,38,377.193651
5.094987,38,377.97221
5.68932,38,378.769261
9.398122,38,379.46965
21.433164,38,380.218074
10.419076,38,381.917526
3.944811,38,384.14123
9.555826,38,385.544106
26.277427,38,386.475651
42.03551,38,387.631259
12.046038,38,388.431253
9.327261,38,389.391536
2.339464,38,390.327607
9.225426,38,391.278891
40.0,38,392.849581
6.228619,38,393.727621
41.10693,38,395.551187
9.469397,38,396.332683
18.012122,38,397.028422
18.0,38,398.409169
8.0,38,402.12676
9.700018,38,403.201189
16.165584,38,404.395133
5.492168,38,405.665448
34.413805,38,406.709626
7.026314,38,407.538264
4.408763,38,408.267514
16.249019,38,409.291917
32.902071,38,410.346757
41.64855,38,411.514563
19.120091,38,412.702484
5.392405,38,413.439515
11.979681,38,414.622312
24.0,38,415.533951
18.470753,38,416.481624
46.539741,38,417.41494
14.0662,38,418.059089
43.063232,38,419.026716
3.472626,38,419.982498
21.216677,38,421.016087
7.03691,38,421.929214
35.0,38,423.029709
14.263809,38,423.820071
46.146115,38,424.724709
11.792634,38,425.700784
48.341346,38,426.781534
46.47619,38,427.54517
12.340478,38,428.365311
7.843478,38,429.306505
15.028149,38,430.235827
12.187329,38,431.192084
14.596927,38,432.002093
4.756641,38,432.746466
7.604634,38,433.831298
13.153963,38,434.874944
13.944416,38,436.241051
13.510942,38,437.155823
19.758197,38,437.903904
12.161244,38,438.817732
27.0,38,439.525094
6.953965,38,440.382062
14.499818,38,441.438961
37.9576,38,442.228711
29.781051,38,442.969911
6.290181,38,444.165842
25.412314,38,445.043455
28.998571,38,445.95484
7.087167,38,446.785011
15.594016,38,447.446765
12.076046,38,448.243216
18.421022,38,449.579483
28.105352,38,450.811484
40.20418,38,452.426951
11.519951,38,453.214453
48.0,38,456.784776
8.403449,38,457.842403
18.0,38,459.015176
24.0,38,460.244864
11.195979,38,461.161684
19.225717,38,462.155719
3.935433,38,463.032696
17.625649,38,463.673947
14.0,38,464.782052
12.783722,38,465.896182
49.404037,38,467.121087
5.354929,38,468.056865
10.4,38,468.721564
22.077806,38,469.501255
14.957954,38,470.374662
19.507073,38,471.149311
14.871958,38,471.990116
5.966666,38,472.602938
15.740807,38,473.192008
38.789848,38,473.888637
8.886897,38,474.672802
84.581197,38,475.482422
12.610366,38,476.378629
52.500124,38,477.054417
19.614771,38,477.618101
5.988982,38,478.268366
5.434888,38,478.985545
10.2,38,479.661999
24.0,38,480.404518
11.634462,38,481.046882
19.307438,38,481.694957
8.325305,38,482.485352
3.531347,38,483.204603
9.026825,38,484.063874
36.073805,38,484.982654
39.241912,38,485.552046
9.206204,38,486.368132
9.462419,38,487.18969
5.126978,38,488.009504
37.108856,38,489.11884
9.522203,38,490.010849
13.605639,38,490.708248
15.173681,38,491.731439
26.619028,38,492.538148
18.387261,38,493.532547
31.96452,38,494.648309
44.0,38,495.679034
13.747769,38,496.769567
20.127405,38,497.779621
19.990344,38,499.039654
7.118418,38,499.991429
13.22803,38,500.787498
42.08357,38,501.980647
20.0,38,502.955958
13.206646,38,507.005428
11.347426,38,508.02205
3.68773,38,509.949948
10.506014,38,511.415039
10.484254,38,512.652544
59.005836,38,514.080452
7.449358,38,516.627253
11.339032,38,519.181701
42.0,38,521.004836
17.37982,38,522.242294
28.793911,38,523.478398
13.6,38,524.584121
37.876884,38,526.152506
12.55637,38,527.027639
14.451465,38,528.482923
19.856902,38,529.5114
9.186525,38,530.587608
3.926048,38,531.715457
8.736546,38,532.578985
15.700935,38,533.839422
27.0,38,534.934212
22.921019,38,535.896719
6.343292,38,537.026614
16.459554,38,538.014822
17.2,38,539.042751
9.169242,38,539.949489
10.380765,38,540.846096
5.332377,38,541.661389
3.790909,38,542.47004
10.071791,38,543.296178
11.271179,38,544.07934
44.0,38,545.021518
9.509645,38,545.955912
23.767562,38,546.619229
2.80201,38,547.432556
18.389934,38,548.307176
4.914915,38,549.109724
60.753486,38,550.130846
40.0,38,550.891359
29.0,38,551.437855
21.075732,38,552.02392
12.031913,38,552.769011
12.468133,38,553.639628
17.585566,38,554.640933
42.1709,38,555.615146
15.703076,38,556.452617
22.273058,38,557.465173
8.353877,38,558.605889
22.465877,38,559.479915
7.280206,38,560.390376
10.011633,38,561.266145
10.541355,38,562.114399
13.776006,38,563.010245
26.0,38,566.411051
20.560105,38,567.756263
11.965069,38,569.013089
9.222485,38,570.455327
29.855282,38,571.92258
36.710902,38,573.014985
20.676962,38,574.189897
8.6203,38,574.953076
16.830655,38,575.937854
26.640453,38,576.716307
5.213333,38,577.605047
7.990809,38,578.400383
20.299786,38,579.320449
6.1,38,580.179612
51.538462,38,580.960893
3.959196,38,581.723465
4.517635,38,582.493818
22.847711,38,583.222249
8.388327,38,583.98636
34.926326,38,584.660021
12.171007,38,586.170615
11.239943,38,587.065361
7.131584,38,588.08957
16.32643,38,589.010662
8.824168,38,589.679012
23.0,38,590.678693
13.712143,38,592.081882
57.2,38,593.037703
9.2,38,593.969064
11.798625,38,595.0604
12.392381,38,595.945005
10.4,38,596.877708
22.351107,38,597.655044
37.619361,38,598.542635
7.785743,38,599.412011
11.074507,38,600.253291
4.264157,38,601.287454
8.99455,38,602.320357
27.440113,38,603.048724
20.448,38,603.719975
7.618457,38,604.564387
14.838648,38,605.298964
5.242911,38,606.197743
48.705882,38,607.100533
10.964706,38,607.72877
9.280376,38,608.326395
4.718145,38,608.884253
10.855237,38,609.648314
9.789524,38,610.4254
39.097677,38,611.47387
7.623321,38,612.152969
50.898116,38,612.731421
7.815522,38,613.260232
12.057999,38,613.984981
4.575175,38,618.976399
11.094014,38,622.182264
6.705929,38,626.254859
16.367972,38,628.94547
92.171858,38,630.132194
23.672689,38,631.84961
16.498102,38,632.986132
30.464888,38,633.993158
21.210893,38,634.790866
122.67052,38,635.572208
34.12169,38,636.256989
19.564616,38,636.958512
36.801902,38,637.733385
32.208949,38,638.479102
10.857044,38,639.152495
20.931923,38,639.847339
2.297947,38,640.709638
69.745098,38,642.154728
17.995283,38,643.304535
29.0,38,644.150459
8.413293,38,645.245688
9.068714,38,646.174199
2.994385,38,647.03275
18.618376,38,647.836955
5.983454,38,648.615699
5.321382,38,649.398126
35.187522,38,650.168569
7.404704,38,651.175773
12.260593,38,651.941019
19.60982,38,652.730714
20.632911,38,653.429454
3.717263,38,654.029279
34.016667,38,654.703192
15.050853,38,655.606291
42.407952,38,656.511752
10.0,38,657.171305
6.539074,38,657.818028
19.853891,38,658.459894
22.707791,38,659.821734
29.307456,38,661.068272
6.22029,38,661.991987
19.135107,38,663.092768
14.0,38,663.898895
9.877483,38,665.144713
72.0,38,666.221328
30.318123,38,667.095424
18.945007,38,668.000778
14.998511,38,668.739136
11.128684,38,669.638037
4.814119,38,670.72307
33.470071,38,671.749437
8.579971,38,672.675968
12.929114,38,673.299053
27.907073,38,674.232457
31.0,38,678.635363
60.24491,38,679.613626
18.435569,38,680.663024
7.299349,38,681.68252
20.0,38,682.79051
29.935934,38,683.694768
33.634258,38,684.540781
8.808473,38,685.796112
52.0,38,687.014296
38.284372,38,688.539363
17.32016,38,690.040573
17.240703,38,691.472116
10.815429,38,693.134771
12.4,38,694.027473
27.218574,38,695.760829
18.127541,38,697.09408
13.999719,38,698.198237
18.780003,38,699.126295
8.009582,38,700.067301
44.997545,38,701.325104
12.033747,38,702.248213
18.306929,38,702.897676
9.293433,38,703.706175
7.839178,38,704.524325
21.0,38,706.483069
21.0,38,707.535872
24.988758,38,708.153917
3.823264,38,709.061584
26.282332,38,710.276191
5.600021,38,712.414102
16.669327,38,715.584097
30.067986,38,721.219504
39.0,38,723.945437
12.058387,38,725.119052
31.528234,38,726.134905
25.869354,38,727.622918
7.783511,38,729.835887
9.61273,38,731.383635
40.340517,38,732.408981
20.0,38,733.417323
25.62873,38,735.787755
27.088842,38,738.407177
39.05454,38,741.731986
92.0,38,745.749026
5.240569,38,747.615659
52.0,38,749.191517
9.6,38,751.677746
58.788142,38,753.211952
4.983743,38,754.679023
24.0,38,757.404592
16.238788,38,760.437847
7.017152,38,762.281004
15.302009,38,763.080258
3.775617,38,764.312303
4.110421,38,768.887303
17.867331,38,769.791586
39.737274,38,770.536345
150.0,38,771.428157
21.650127,38,772.188311
9.073145,38,772.961339
5.111236,38,773.632463
10.720079,38,774.73923
14.412855,38,775.606613
7.644203,38,776.787942
39.363667,38,777.586737
23.0,38,778.618413
9.653532,38,779.343185
20.047701,38,780.185964
4.21263,38,781.164517
32.0,38,782.03711
36.0,38,782.85217
12.0,38,784.325264
7.398701,38,785.169182
29.702243,38,786.809101
8.156139,38,789.841608
9.232517,38,792.998677
7.415779,38,796.365964
7.885833,38,800.333238
6.269572,38,803.31178
5.030244,38,804.864613
10.599286,38,805.713731
32.0,38,806.507619
7.628892,38,807.257419
32.948133,38,807.884953
37.124911,38,808.92623
19.633824,38,810.686606
25.0,38,814.179445
52.0,38,815.12448
17.34636,38,815.884093
45.489185,38,816.648827
7.7,38,817.413501
2.426753,38,818.10919
47.465797,38,818.881996
12.8,38,819.969341
29.051955,38,820.628475
17.256772,38,821.392482
4.882637,38,822.158213
12.0,38,823.148804
15.685048,38,824.050611
37.738662,38,824.936575
8.695764,38,825.80078
11.210567,38,826.668946
5.387022,38,827.933868
4.922236,38,829.930141
15.005874,38,833.384373
10.927324,38,837.691838
11.623665,38,841.254578
23.067258,38,844.337023
6.295761,38,854.995078
12.432402,38,856.351048
23.978227,38,859.053249
31.543048,38,861.474576
19.735424,38,862.640838
34.895408,38,864.423539
4.134324,38,866.251637
20.0,38,868.247201
6.207281,38,869.424422
59.452055,38,871.680679
14.981864,38,872.911215
6.217799,38,874.993051
12.024452,38,877.446514
15.110415,38,879.194101
5.976921,38,881.83964
18.628112,38,883.238699
38.0,38,884.163749
12.319727,38,885.228258
34.461348,38,886.199846
11.520794,38,887.236121
12.975063,38,888.105167
125.477236,38,889.121373
7.808753,38,890.499958
13.188286,38,893.46385
18.014953,38,895.162889
12.4,38,896.917727
9.079592,38,898.034622
7.222276,38,899.611923
309.523346,38,901.263267
25.0,38,902.989388
37.0,38,904.497761
48.941596,38,905.42187
56.0,38,906.546223
8.4,38,907.235381
27.0,38,908.051177
9.262598,38,908.903163
44.987965,38,909.628269
24.039367,38,910.297389
46.446065,38,911.194414
10.292256,38,912.12974
9.839716,38,913.002532
16.8,38,913.820268
9.26771,38,914.531346
20.014769,38,915.240013
7.169706,38,916.08637
32.0,38,916.918741
4.818264,38,918.268179
15.221833,38,918.959846
12.435025,38,919.535291
42.058806,38,920.906938
7.707071,38,921.849818
3.593177,38,922.627034
38.342767,38,923.626836
7.567317,38,924.263491
27.054902,38,926.913482
10.13819,38,927.636787
29.0,38,928.664518
22.0,38,930.206732
31.47789,38,931.786456
11.971176,38,932.88495
14.110092,38,933.945936
43.861783,38,935.038918
20.605241,38,936.340144
9.159014,38,937.35596
22.956499,38,938.421479
7.0,38,939.318108
8.630033,38,940.190536
9.329922,38,941.324397
18.427328,38,942.297668
17.238147,38,943.235895
24.682426,38,944.179916
26.0,38,944.960753
32.0,38,946.227597
23.25522,38,947.191499
29.740452,38,949.214242
40.885318,38,951.530765
9.908227,38,952.908311
24.730821,38,953.943885
12.411248,38,954.835519
24.421493,38,956.097317
46.73188,38,957.975119
10.783085,38,959.350283
35.0,38,961.380766
2.898527,38,962.383472
18.025947,38,963.145366
11.180044,38,963.943122
18.865775,38,964.717163
15.198466,38,965.693291
7.993255,38,966.463477
7.771816,38,967.069833
4.132009,38,967.959095
17.145276,38,968.995616
18.871397,38,971.223545
28.0,38,974.009652
15.691678,38,975.775365
44.643099,38,977.1774
39.661591,38,977.890522
9.4,38,979.660117
5.024702,38,981.994101
11.8,38,983.53488
40.445308,38,986.437001
48.489987,38,987.832573
4.815839,38,989.136406
4.456201,38,990.658097
2.797194,38,993.756626
11.513329,38,996.99562
27.258626,38,1002.728602
16.76135,38,1005.710425
13.634845,38,1013.159041
7.322256,38,1015.174097
6.181092,38,1017.072292
6.935316,38,1017.852471
44.0,38,1019.351719
14.924041,38,1021.45383
6.512438,38,1022.696285
17.231183,38,1023.68027
8.022654,38,1024.507129
11.591641,38,1025.242153
9.480918,38,1025.879958
18.0,38,1026.69446
15.642531,38,1028.479681
16.268931,38,1029.190204
13.550643,38,1030.774989
10.4,38,1031.949076
26.151759,38,1032.705696
14.230113,38,1033.618671
34.217977,38,1034.552723
2.834504,38,1036.494211
9.8,38,1039.219456
30.706941,38,1040.241958
9.536986,38,1041.422128
36.247867,38,1042.198733
6.865618,38,1043.241821
21.188019,38,1044.809546
22.268116,38,1047.006149
24.488418,38,1048.179245
10.795272,38,1049.235308
8.2,38,1052.443381
4.997651,38,1054.661312
12.077502,38,1057.309575
28.300208,38,1058.862602
17.411533,38,1060.402115
7.156272,38,1061.730291
18.0,38,1062.648399
13.186726,38,1063.885045
8.054069,38,1064.629469
34.512254,38,1066.252929
5.98128,38,1068.611975
13.2,38,1070.471058
7.648579,38,1071.497603
47.252647,38,1073.669808
25.846272,38,1075.049461
10.496614,38,1076.489321
11.421886,38,1077.237198
10.38157,38,1077.917627
12.925347,38,1078.816676
12.864833,38,1080.581199
17.287891,38,1081.661729
21.25,38,1082.533999
6.784683,38,1084.102234
31.0,38,1086.234238
14.645902,38,1087.357331
44.0,38,1093.440778
28.0,38,1094.336758
17.46414,38,1095.387829
26.019924,38,1096.465387
31.0,38,1097.007493
31.0,38,1097.720008
23.001718,38,1098.496472
16.8,38,1099.30591
6.215088,38,1101.716767
16.227825,38,1105.731089
20.214117,38,1110.260363
22.0,38,1113.662233
46.547718,38,1115.430561
8.06553,38,1116.274188
36.0,38,1117.445685
16.546702,38,1118.77203
33.387755,38,1120.71625
30.946405,38,1121.800084
18.4,38,1124.221899
39.0,38,1126.552634
9.033244,38,1130.867457
18.8,38,1134.57336
56.0,38,1137.852061
6.412663,38,1140.557414
9.99422,38,1143.213168
54.0,38,1144.559565
9.838372,38,1145.790252
4.596903,38,1148.094237
5.261557,38,1150.7855
5.312185,38,1153.086287
19.897292,38,1154.498904
5.688393,38,1157.307103
9.147083,38,1159.324269
29.593794,38,1160.248679
17.6,38,1161.250368
26.022057,38,1161.956812
9.595276,38,1163.630259
10.434093,38,1165.314966
77.805213,38,1166.793642
61.418366,38,1168.460514
47.839932,38,1169.108542
21.0,38,1170.113793
20.263896,38,1170.852874
37.506056,38,1171.850435
7.672546,38,1172.849594
15.982801,38,1173.441859
58.0,38,1174.166994
31.891064,38,1174.851021
15.73984,38,1175.623609
15.166271,38,1176.580656
18.4,38,1177.565993
31.0,38,1178.185215
32.255413,38,1178.911483
10.378669,38,1179.8257
13.2,38,1185.664648
9.615077,38,1186.99741
25.0,38,1188.161676
13.988642,38,1189.134297
13.001916,38,1190.080132
12.837089,38,1191.422956
29.0,38,1192.485548
22.0,38,1193.54768
2.902623,38,1195.027523
5.268006,38,1196.189374
28.761991,38,1197.257238
29.758316,38,1198.331493
7.308982,38,1200.050878
16.339541,38,1201.799325
9.793919,38,1203.792203
16.944122,38,1206.614143
36.0,38,1208.583202
6.843112,38,1210.015203
14.939976,38,1211.394122
19.273951,38,1212.101701
96.0,38,1213.367108
11.094692,38,1214.641838
30.108366,38,1215.990536
6.715897,38,1217.347113
7.510066,38,1218.736169
4.733656,38,1219.886603
17.243339,38,1221.151438
12.720612,38,1222.110268
13.2,38,1223.560897
6.305444,38,1224.710578
27.837843,38,1227.25695
8.562186,38,1229.046651
17.6,38,1232.279111
15.035916,38,1234.565342
8.449878,38,1235.771159
8.405674,38,1236.942728
12.785986,38,1238.387207
14.0,38,1239.069364
62.174527,38,1239.744251
9.689212,38,1240.580173
60.0,38,1241.372932
36.0,38,1242.049539
53.363281,38,1242.728234
5.407758,38,1243.365984
13.390367,38,1243.983438
30.906433,38,1244.780875
16.973156,38,1245.506303
21.806787,38,1246.741314
17.947723,38,1247.669892
7.413807,38,1248.44358
10.783313,38,1249.518844
5.362175,38,1250.534039
13.365947,38,1252.347469
9.200719,38,1255.603113
4.940695,38,1260.615649
19.091995,38,1261.839346
27.312892,38,1263.668017
6.660428,38,1264.884582
22.0,38,1267.286222
35.992618,38,1268.375091
12.432561,38,1269.701864
8.89975,38,1270.631177
15.893273,38,1271.99557
18.241776,38,1273.04222
10.941232,38,1274.205364
6.239244,38,1276.879695
21.0,38,1278.019644
7.32202,38,1279.581521
10.457728,38,1281.025116
9.787176,38,1282.283337
17.710509,38,1283.607758
17.145974,38,1284.321911
4.703783,38,1285.094009
16.4,38,1285.896502
23.0,38,1286.877836
7.995885,38,1287.566485
64.0,38,1288.346817
27.216028,38,1289.063346
20.49971,38,1289.7789
12.375939,38,1290.522198
13.189938,38,1291.846504
12.758886,38,1292.598089
29.817387,38,1293.322474
10.208204,38,1294.08367
8.441062,38,1294.937166
80.874639,38,1295.694637
12.256597,38,1296.753904
23.19134,38,1297.592083
9.510458,38,1298.379422
11.00398,38,1299.165066
14.222979,38,1299.82856
10.013396,38,1300.815337
33.391905,38,1301.938115
3.655935,38,1304.749239
46.642424,38,1306.872983
17.017922,38,1308.48963
4.110082,38,1309.503013
15.6,38,1310.705127
13.314016,38,1311.631797
12.849453,38,1312.464986
6.575454,38,1313.106587
11.876029,38,1313.637703
21.0,38,1314.384491
61.597783,38,1315.300672
15.607345,38,1316.028004
12.40117,38,1316.854
10.2,38,1317.453018
25.0,38,1320.995513
12.817118,38,1321.980724
121.616248,38,1322.714724
29.474208,38,1323.433602
11.392194,38,1324.402665
12.8,38,1325.406537
40.228796,38,1326.284062
4.770179,38,1327.110056
7.837874,38,1327.972087
20.0,38,1328.768318
41.542317,38,1329.501933
23.859575,38,1330.374459
29.046116,38,1331.205855
19.391355,38,1331.913357
14.047107,38,1332.492064
17.2,38,1333.17087
5.48,38,1333.887538
13.334886,38,1334.744238
24.0,38,1335.6749
18.114461,38,1336.612564
9.829749,38,1337.396523
32.383725,38,1338.116899
18.475164,38,1338.839126
21.245497,38,1339.595366
51.387755,38,1340.570319
4.0345,38,1341.3556
33.0,38,1342.393434
32.921112,38,1343.646308
31.966533,38,1344.434864
18.0,38,1345.271541
21.615637,38,1345.983119
9.896464,38,1347.013748
2.530775,38,1347.894891
20.0,38,1348.789268
62.060791,38,1349.662891
8.966974,38,1350.468622
54.241536,38,1352.156778
24.441964,38,1353.251395
10.319239,38,1354.116004
35.373222,38,1355.105888
14.317161,38,1356.069135
15.628568,38,1356.82776
25.239399,38,1357.81542
26.990975,38,1358.60544
6.929245,38,1359.293759
37.0,38,1360.002627
12.194858,38,1360.806335
14.875544,38,1361.825921
28.913198,38,1362.550808
6.697161,38,1363.335912
18.165518,38,1364.102428
46.0,38,1364.851792
5.919666,38,1365.680304
12.199695,38,1366.717324
19.2,38,1369.776266
77.327606,38,1370.618448
4.26389,38,1371.517141
7.443205,38,1372.270676
13.38231,38,1372.986675
4.269226,38,1373.561618
9.592553,38,1374.150556
45.827784,38,1375.07838
12.113681,38,1375.988922
19.2,38,1376.877776
18.344992,38,1377.649733
32.430705,38,1378.287476
9.111026,38,1378.935259
11.829078,38,1379.646167
10.482574,38,1380.373369
18.285407,38,1381.090605
46.571326,38,1382.042882
10.2,38,1382.684169
15.82568,38,1383.404533
18.8,38,1384.153836
9.958129,38,1384.862032
10.502525,38,1385.779123
39.0,38,1386.729588
92.0,38,1387.376092
19.082566,38,1388.106426
42.0,38,1388.858632
7.466105,38,1389.602047
16.624562,38,1390.388125
6.449486,38,1391.337921
14.167256,38,1392.174244
64.0,38,1393.049993
7.963252,38,1393.808987
14.388108,38,1394.499301
26.291419,38,1395.256007
12.795577,38,1396.642145
52.6518,38,1398.321632
17.517268,38,1399.357942
17.641728,38,1400.353629
7.419278,38,1401.120066
4.4,38,1401.906617
72.0,38,1403.629952
12.4,38,1404.842317
9.0,38,1405.929718
20.396567,38,1406.767082
11.595006,38,1407.657378
14.083708,38,1408.619979
44.283395,38,1409.344193
19.799151,38,1410.056447
26.0,38,1410.818496
8.800752,38,1412.03303
7.010623,38,1412.75973
28.853221,38,1413.545287
33.451554,38,1414.285251
69.6,38,1415.028993
25.765521,38,1417.683437
48.784011,38,1418.354495
17.487545,38,1419.072662
2.442026,38,1419.672213
35.183338,38,1420.324671
15.784146,38,1421.069493
22.586357,38,1421.916376
60.0,38,1422.649786
55.613318,38,1423.374981
24.826466,38,1423.972942
9.12247,38,1424.677484
2.62002,38,1425.845802
13.6,38,1426.656465
4.430543,38,1427.343999
31.861222,38,1427.99428
4.091311,38,1428.606883
7.621328,38,1429.240156
20.38247,38,1429.924641
17.095892,38,1430.615218
9.461159,38,1431.741138
42.0,38,1432.33377
11.594817,38,1432.880256
12.4,38,1433.889416
5.769143,38,1434.675555
4.051702,38,1435.508287
18.0,38,1436.237064
4.164178,38,1437.139074
12.169313,38,1437.727178
26.375473,38,1438.505192
12.590364,38,1439.407886
46.0,38,1440.10769
63.510353,38,1440.839408
8.935919,38,1441.528899
46.0,38,1442.078056
13.554857,38,1442.74562
19.212541,38,1443.486784
14.877742,38,1444.153599
17.465764,38,1445.130613
160.0,38,1445.938941
18.0,38,1446.800035
42.0,38,1447.667656
88.0,38,1448.320043
23.428347,38,1449.275724
25.732474,38,1450.370852
17.798326,38,1452.473738
17.301082,38,1454.176585
20.867131,38,1455.553698
7.249539,38,1456.732266
6.053247,38,1457.471646
21.109337,38,1458.457496
25.056597,38,1459.391495
12.152303,38,1460.35502
49.817518,38,1461.348866
13.611684,38,1462.112128
12.000047,38,1465.197104
35.375023,38,1466.149775
240.0,38,1466.934871
15.194175,38,1467.863818
21.371801,38,1468.755106
14.151173,38,1469.807199
5.826595,38,1470.881373
4.413475,38,1472.368896
18.626799,38,1473.299827
18.528544,38,1473.993531
7.276715,38,1474.710475
11.944754,38,1475.359734
5.701871,38,1476.845447
15.344666,38,1477.906729
15.885982,38,1478.659886
3.837371,38,1479.422024
8.965517,38,1480.074075
11.880415,38,1480.700006
31.460128,38,1481.597484
8.340683,38,1482.332818
5.945737,38,1482.99512
3.573884,38,1483.65083
20.054041,38,1484.216513
6.69961,38,1484.837266
24.236601,38,1485.566972
3.557998,38,1486.236448
5.076544,38,1486.966926
15.736991,38,1487.593088
40.196541,38,1488.107532
48.080404,38,1488.645123
15.6,38,1489.292001
21.033224,38,1489.925052
63.17077,38,1490.664396
7.532331,38,1491.395678
5.879032,38,1491.985654
31.0,38,1492.545897
46.465587,38,1493.219138
41.669361,38,1493.877653
28.0,38,1494.506063
26.538528,38,1495.118924
7.403236,38,1495.727093
11.001955,38,1496.28502
9.764598,38,1497.031328
50.854694,38,1497.661112
8.922335,38,1498.331369
8.442522,38,1498.962737
92.0,38,1499.529496
12.4,38,1500.057482
14.617338,38,1500.732605
8.357598,38,1501.453798
67.693221,38,1502.08813
6.564453,38,1502.707524
28.955405,38,1503.281428
7.05385,38,1503.837265
28.0,38,1506.160525
9.785298,38,1506.946512
53.515852,38,1507.559341
29.666128,38,1508.086138
12.670132,38,1508.796683
14.303942,38,1509.535478
8.629603,38,1510.253336
21.0,38,1511.074259
7.83895,38,1511.77978
8.625887,38,1512.406144
16.008305,38,1513.121913
17.965045,38,1513.776513
67.953245,38,1514.42165
3.726794,38,1515.049543
23.149141,38,1515.615208
7.715234,38,1516.170131
20.010569,38,1516.933805
40.38383,38,1517.583757
13.699759,38,1518.440765
13.215269,38,1519.056971
25.345512,38,1519.574869
68.508299,38,1520.081268
45.956425,38,1520.759867
19.285091,38,1521.43017
22.0,38,1522.066641
33.228909,38,1522.73609
6.98201,38,1523.305586
10.762179,38,1523.857306
100.284542,38,1524.485878
12.356366,38,1525.109867
6.5,38,1526.105511
16.79019,38,1526.83385
21.0,38,1527.454489
5.199389,38,1527.995281
6.78965,38,1528.678522
18.465593,38,1529.351515
9.064432,38,1530.042902
10.323819,38,1530.864614
16.306823,38,1531.815383
3.311643,38,1532.435941
50.0,38,1533.100621
8.6,38,1533.732989
7.501352,38,1534.416256
31.772049,38,1535.093247
18.0,38,1535.708999
23.0,38,1536.277551
7.402377,38,1537.044997
18.003829,38,1537.716203
42.946055,38,1538.367754
13.08322,38,1539.003281
19.382703,38,1539.533786
10.837888,38,1540.055764
4.471725,38,1540.722053
45.295651,38,1541.484769
11.201059,38,1543.757483
11.995296,38,1544.378934
20.187371,38,1545.222744
16.423829,38,1546.19779
40.0,38,1547.122586
3.717217,38,1547.832167
7.256374,38,1548.394854
7.600221,38,1549.034401
26.367652,38,1549.690567
20.810427,38,1550.351584
14.691929,38,1551.047635
26.46753,38,1551.787569
23.0,38,1552.366097
6.543952,38,1552.955458
21.843049,38,1553.613879
100.0,38,1554.257263
13.2,38,1554.888182
21.0,38,1555.556153
12.735694,38,1556.077971
13.495251,38,1556.733027
68.0,38,1557.425407
12.4,38,1558.079311
3.501698,38,1558.731865
23.0,38,1559.387813
14.068316,38,1559.940798
15.811421,38,1560.592899
4.604442,38,1561.297085
6.652366,38,1562.010978
44.0,38,1562.705343
16.024324,38,1563.365971
12.737339,38,1563.902492
54.036382,38,1564.46533
5.865318,38,1565.126892
9.043626,38,1565.839835
5.383868,38,1566.56179
18.8,38,1567.255109
14.297762,38,1567.808743
26.240216,38,1568.477605
27.0,38,1569.359266
9.8,38,1570.218147
26.350059,38,1571.104035
9.090035,38,1571.954783
15.199924,38,1572.575961
41.722003,38,1573.288872
16.346549,38,1574.087915
10.009654,38,1574.783718
29.883987,38,1575.530156
6.296112,38,1576.151679
18.4,38,1576.963596
9.019839,38,1577.673724
31.0,38,1578.357092
40.0,38,1579.031257
12.243597,38,1579.688577
62.726658,38,1580.2354
23.090408,38,1582.577383
25.964912,38,1583.211261
12.58456,38,1583.804306
24.0,38,1584.327839
60.911392,38,1584.938944
24.0,38,1585.652541
30.444444,38,1586.304051
12.677146,38,1586.959126
3.32236,38,1587.607685
5.408133,38,1588.146715
50.662207,38,1588.786522
76.0,38,1589.452017
8.212942,38,1590.090756
13.277358,38,1590.85971
72.0,38,1591.561138
7.629734,38,1592.091749
9.406204,38,1593.037068
3.013963,38,1593.672296
19.902582,38,1594.310671
5.424899,38,1594.982344
5.068969,38,1596.017011
44.0,38,1596.650585
12.02242,38,1597.388611
4.540339,38,1598.093492
26.729792,38,1598.769589
28.0,38,1599.537255
11.732288,38,1600.313921
20.437653,38,1600.896973
47.498756,38,1601.744967
18.46849,38,1602.405458
8.510165,38,1603.116411
54.638317,38,1603.788746
5.056548,38,1604.327992
54.678996,38,1605.031149
16.631617,38,1605.838895
43.916445,38,1606.646943
28.043436,38,1607.32208
10.866244,38,1607.992945
9.256327,38,1608.534985
50.0,38,1609.134736
6.31281,38,1609.820311
42.0,38,1610.544458
13.450412,38,1611.2184
16.566104,38,1611.970284
12.680048,38,1612.533104
14.86772,38,1613.158879
8.761475,38,1613.824503
10.45615,38,1614.512025
17.253792,38,1615.129974
6.1,38,1615.818804
18.554952,38,1616.379792
18.8,38,1616.970813
13.548376,38,1617.5849
9.057538,38,1618.2207
24.123034,38,1620.534128
4.010714,38,1621.191553
9.165056,38,1621.953736
18.191398,38,1622.624073
15.5776,38,1623.360233
24.0,38,1623.970155
27.542819,38,1624.514467
12.847591,38,1625.151704
16.536025,38,1625.835096
7.247484,38,1626.530483
10.067926,38,1627.184315
11.675445,38,1627.731491
31.0,38,1628.264555
26.108318,38,1628.851137
19.757074,38,1629.485103
30.808172,38,1630.109661
25.202375,38,1630.76986
6.718816,38,1631.479381
51.621212,38,1632.023555
17.664342,38,1632.593697
27.603699,38,1633.267688
12.069012,38,1633.90247
10.152077,38,1634.536442
21.027642,38,1635.157982
9.682656,38,1638.072783
28.132395,38,1640.053309
8.771361,38,1641.688547
16.03435,38,1646.472055
14.933333,38,1649.276975
7.118089,38,1650.327797
13.284088,38,1651.733387
36.978348,38,1652.950041
15.82416,38,1653.756577
17.573134,38,1654.442476
4.917268,38,1655.023193
54.146307,38,1655.761337
51.188173,38,1656.533993
4.404511,38,1657.521674
17.2,38,1658.207466
31.0,38,1658.793595
51.448276,38,1659.373977
10.173602,38,1660.016821
26.0,38,1660.717189
17.259667,38,1661.535734
20.522824,38,1662.159937
8.068237,38,1662.722003
15.892841,38,1663.679544
39.610641,38,1664.410977
8.055857,38,1665.178183
22.985505,38,1665.871045
30.735527,38,1666.576729
25.531713,38,1667.131515
7.669893,38,1667.793135
7.808833,38,1668.497458
14.147832,38,1670.843449
42.909091,38,1671.505331
38.0,38,1672.171052
21.0,38,1673.015776
27.706003,38,1673.706306
13.671719,38,1674.377015
44.0,38,1674.925027
18.393022,38,1675.600641
30.278112,38,1676.319184
44.117453,38,1677.063675
42.640931,38,1677.711119
4.953539,38,1678.349825
20.0,38,1678.909502
15.881325,38,1679.514659
15.234931,38,1680.168508
10.763204,38,1680.881367
10.364121,38,1681.605836
10.307138,38,1682.218439
37.0,38,1682.785133
48.508318,38,1683.359687
4.062095,38,1684.046492
72.0,38,1684.700525
44.53025,38,1685.316245
8.264235,38,1685.980326
9.167005,38,1686.590443
4.533956,38,1687.221687
29.20615,38,1688.043718
21.0,38,1689.019395
23.114173,38,1689.959369
14.0,38,1690.60504
3.367147,38,1691.162009
32.781421,38,1692.248592
22.106358,38,1692.826531
24.600159,38,1693.457052
11.494439,38,1694.131343
32.973494,38,1694.714365
9.130475,38,1695.24682
19.360056,38,1695.952998
13.322115,38,1696.679705
80.0,38,1697.28786
12.909409,38,1697.894408
35.763178,38,1698.437086
5.512788,38,1698.98406
6.090457,38,1699.586125
13.6,38,1700.186985
5.98402,38,1700.828371
16.0,38,1701.509983
36.398573,38,1702.076548
47.9714,38,1702.633903
2.439642,38,1703.259517
15.123954,38,1703.939708
42.015326,38,1704.555005
5.364296,38,1705.143881
7.133116,38,1707.407196
6.605387,38,1708.088673
21.258265,38,1708.755665
8.114818,38,1709.350062
7.196693,38,1709.908478
5.566386,38,1710.647868
6.574747,38,1712.562185
8.347936,38,1713.130607
8.387539,38,1713.630552
36.675268,38,1714.152354
42.025886,38,1714.7782
16.685418,38,1715.835539
13.212727,38,1716.522105
17.704698,38,1717.178406
3.969024,38,1717.66402
10.341375,38,1718.159661
2.48142,38,1718.843527
11.993041,38,1719.454607
25.0,38,1720.046036
33.711315,38,1720.688527
8.503653,38,1721.216752
46.725607,38,1721.815074
40.784485,38,1722.409839
10.697025,38,1722.998665
10.649645,38,1723.57943
17.009438,38,1724.205121
21.312256,38,1724.908458
6.399085,38,1725.501429
81.470279,38,1726.123047
16.824866,38,1726.834563
27.891966,38,1727.42743
14.186999,38,1728.037341
4.506477,38,1728.663634
14.110515,38,1729.182349
20.008651,38,1729.734125
21.287565,38,1730.337152
6.025768,38,1730.969433
9.437082,38,1731.921821
18.406158,38,1732.521743
11.483489,38,1733.018717
21.773051,38,1733.504682
8.2,38,1734.123471
2.971769,38,1734.729493
57.275186,38,1735.357323
18.907583,38,1736.009713
31.345506,38,1736.647989
7.266539,38,1737.148507
20.0,38,1737.742778
59.147242,38,1738.371761
50.0,38,1739.004511
49.488854,38,1739.60534
6.267971,38,1740.161711
15.26574,38,1740.708929
9.089636,38,1741.21665
22.58657,38,1743.617169
8.977151,38,1744.169549
44.0,38,1744.651789
7.495431,38,1745.259061
13.667748,38,1745.960758
7.545217,38,1746.652926
13.724236,38,1747.287808
47.653745,38,1747.855557
19.97067,38,1748.353604
7.712953,38,1748.895059
56.855318,38,1749.538936
5.001348,38,1750.156246
15.305613,38,1750.802077
7.588619,38,1751.402658
25.0,38,1751.942117
4.658253,38,1752.459557
23.764252,38,1753.05803
25.593931,38,1753.693263
18.5841,38,1754.322102
33.407115,38,1754.947155
13.709667,38,1755.537391
12.865878,38,1756.062136
30.0,38,1756.765304
14.398291,38,1757.382529
25.286581,38,1757.975722
11.4,38,1758.570312
3.646274,38,1759.145753
8.652286,38,1759.637617
12.397625,38,1760.186432
16.402613,38,1760.853685
43.213967,38,1761.49153
50.0,38,1762.107941
65.509461,38,1762.809238
13.409722,38,1763.327722
8.65087,38,1763.901761
32.0,38,1764.56655
7.170741,38,1765.213098
13.490439,38,1765.928189
19.970041,38,1766.605311
8.945036,38,1767.10824
53.2,38,1767.6361
20.928569,38,1768.249798
46.0,38,1768.859253
23.70383,38,1769.690067
20.800133,38,1770.291037
52.508901,38,1770.885377
26.0,38,1771.426049
10.958054,38,1772.104192
29.513606,38,1772.721708
27.227887,38,1773.319358
10.60047,38,1773.944968
6.158429,38,1774.532891
30.956522,38,1775.0433
50.102617,38,1776.014127
9.812414,38,1778.394189
20.0,38,1778.918136
14.4,38,1779.548411
25.0,38,1780.1476
23.995995,38,1780.774838
24.878345,38,1781.352347
13.177807,38,1782.007617
14.277876,38,1782.513419
21.965931,38,1783.057878
64.325879,38,1783.705849
14.266114,38,1784.481036
15.326941,38,1785.104614
8.5566,38,1785.819797
88.0,38,1786.343166
31.393056,38,1786.905763
35.342101,38,1787.511984
5.299934,38,1788.089335
25.707484,38,1788.716014
7.484841,38,1789.341652
13.135171,38,1789.871051
6.160482,38,1790.384096
26.0,38,1791.085331
8.262568,38,1791.765739
26.735965,38,1792.381358
20.208777,38,1792.994981
9.976816,38,1793.616566
6.980789,38,1794.139414
19.737574,38,1794.799983
25.425997,38,1795.454252
6.845735,38,1796.251639
34.36075,38,1796.956737
59.689905,38,1797.509334
25.751468,38,1797.981944
22.0,38,1798.509795
8.845781,38,1799.115778
17.6,38,1799.737376
50.0,38,1800.310645
2.934842,38,1801.022923
8.8,38,1801.762267
12.29219,38,1802.299859
14.17543,38,1802.971917
11.549239,38,1803.592589
18.313997,38,1804.208826
4.783062,38,1804.835553
12.225722,38,1805.367548
29.7307,38,1805.913663
10.132031,38,1806.669102
24.235104,38,1807.433162
4.453316,38,1808.008901
28.780354,38,1808.578257
31.0,38,1809.090344
14.962178,38,1809.605277
14.019744,38,1810.188357
18.128839,38,1810.888838
8.011823,38,1813.058661
7.879465,38,1813.559307
24.0,38,1814.206231
54.0,38,1814.840913
7.523622,38,1815.434275
33.0,38,1816.0755
11.554211,38,1816.679967
26.533767,38,1817.160567
11.094971,38,1817.758905
20.0,38,1818.369279
10.247292,38,1819.1864
66.977894,38,1819.787018
67.60016,38,1820.355458
50.0,38,1821.101446
5.446336,38,1821.860858
22.46923,38,1822.461406
88.0,38,1823.060683
17.098616,38,1823.687928
15.786787,38,1824.261106
7.026822,38,1824.783246
54.690564,38,1825.367628
36.048528,38,1826.024041
23.0,38,1826.693312
22.0,38,1827.279929
3.270068,38,1827.84565
41.737504,38,1828.351036
55.907926,38,1828.87738
8.669132,38,1829.494674
9.417176,38,1830.16961
7.010562,38,1830.940209
49.789645,38,1831.616742
50.0,38,1832.131779
39.1796,38,1832.645287
28.0,38,1833.248936
28.0,38,1833.840846
14.859209,38,1834.439498
26.254626,38,1835.073153
16.8,38,1835.940025
12.0,38,1836.48451
5.526101,38,1837.11976
31.0,38,1837.756656
11.6,38,1838.391479
40.0,38,1839.014733
28.482173,38,1839.564702
50.0,38,1840.172597
6.5,38,1840.797543
22.0,38,1841.840894
5.487366,38,1842.458872
6.116167,38,1843.113259
46.0,38,1843.716767
57.639738,38,1844.328928
26.0,38,1845.036904
28.670094,38,1845.994976
10.614398,38,1847.872495
7.6,38,1850.05763
9.346718,38,1850.697364
5.466261,38,1851.344793
7.193027,38,1852.03535
19.854335,38,1852.582134
33.0,38,1853.198907
11.381539,38,1853.87235
10.39951,38,1854.530657
36.597695,38,1855.249128
37.651705,38,1855.919311
28.274403,38,1856.483272
8.574261,38,1857.141851
82.918042,38,1857.798765
8.788061,38,1858.44906
42.78797,38,1859.057755
44.0,38,1859.619718
16.497166,38,1860.16242
9.722993,38,1860.758345
8.378226,38,1861.359719
28.0,38,1862.027984
8.01721,38,1862.614679
12.776924,38,1863.226534
40.0,38,1863.716679
28.733734,38,1864.215529
14.745604,38,1864.851306
33.156776,38,1865.447321
8.457926,38,1866.064888
17.582693,38,1866.736748
13.064629,38,1867.30145
5.932624,38,1867.777372
10.890341,38,1868.332627
32.605276,38,1868.920759
19.02586,38,1869.512238
13.449169,38,1870.139064
8.745746,38,1870.768293
18.8,38,1871.27383
6.129841,38,1871.959146
7.424972,38,1872.56411
28.0,38,1873.133991
21.860821,38,1873.706771
50.623853,38,1874.282136
7.028612,38,1874.778068
20.124544,38,1875.317923
7.340837,38,1875.97031
7.120379,38,1876.649448
30.0,38,1877.295065
22.005284,38,1877.914964
18.707304,38,1878.433008
14.499815,38,1878.940222
15.275635,38,1879.528093
33.062543,38,1880.161133
22.966965,38,1880.909917
30.872027,38,1881.564634
23.880666,38,1882.132007
6.404897,38,1884.309853
7.986881,38,1884.893893
7.569885,38,1885.580864
23.707127,38,1886.123335
5.624837,38,1886.775816
5.763275,38,1887.397811
9.027213,38,1887.964133
11.729321,38,1888.563153
27.57089,38,1889.135852
22.570533,38,1889.632674
10.0,38,1890.1339
5.259206,38,1891.089161
4.294533,38,1891.778494
9.723802,38,1892.380506
9.296053,38,1893.0052
15.704108,38,1893.508133
6.747346,38,1893.994358
11.711526,38,1894.594955
8.033702,38,1895.610303
14.073349,38,1896.766856
36.005603,38,1897.374488
35.865799,38,1897.900935
14.4,38,1898.473646
26.0,38,1899.093252
20.0,38,1899.718412
15.889595,38,1900.319164
16.004264,38,1900.958452
14.139288,38,1901.446453
12.0,38,1902.04814
10.0,38,1902.666714
9.938516,38,1903.261548
33.774176,38,1903.846451
22.9851,38,1904.468756
20.0,38,1905.101818
31.661258,38,1905.753692
15.303061,38,1906.500394
8.605165,38,1907.162718
13.580704,38,1907.745846
7.428294,38,1908.372933
9.448046,38,1908.913217
29.0,38,1909.511286
13.407861,38,1910.102843
17.0966,38,1910.78454
26.135615,38,1911.379599
28.128637,38,1912.070347
18.4,38,1912.601501
22.729434,38,1913.10644
12.8,38,1913.731584
10.988972,38,1914.331906
6.350399,38,1914.918457
10.48506,38,1915.491599
24.603744,38,1916.101117
7.197777,38,1916.656271
6.464422,38,1917.210528
42.963913,38,1919.496577
8.553471,38,1920.045005
45.692308,38,1920.609697
12.8,38,1921.232073
17.332049,38,1921.923553
46.0,38,1922.498614
5.69136,38,1923.127723
14.021769,38,1923.664247
30.742966,38,1924.1672
19.714345,38,1924.706964
7.2,38,1925.295958
5.412655,38,1925.949645
43.056979,38,1926.759788
40.0,38,1927.384636
18.932652,38,1927.880173
19.075857,38,1928.371653
19.407182,38,1929.046372
24.55051,38,1929.677407
4.974718,38,1930.348018
7.003224,38,1931.068836
22.0019,38,1931.649204
7.6204,38,1932.212765
9.806102,38,1932.804439
6.695391,38,1933.4456
9.492209,38,1934.056271
12.42208,38,1934.709626
52.0,38,1935.281634
13.749939,38,1935.84026
22.0,38,1936.423783
13.666339,38,1937.112933
33.096401,38,1937.778539
5.934236,38,1938.372333
20.0,38,1938.990297
40.183057,38,1939.510448
53.675488,38,1940.261344
18.8,38,1940.942469
50.0,38,1941.564233
7.122686,38,1942.261307
5.326185,38,1942.872996
9.464207,38,1943.393319
15.961119,38,1943.985977
4.965783,38,1944.587726
12.8,38,1945.203981
13.605262,38,1945.90793
18.799917,38,1946.526473
10.2,38,1947.13491
18.555859,38,1947.707615
23.239456,38,1948.33385
6.566334,38,1948.971256
21.064267,38,1949.580432
13.202142,38,1950.199442
42.0,38,1950.779729
17.230061,38,1951.314884
11.386246,38,1952.023993
24.113039,38,1954.467928
39.504356,38,1955.229573
10.25048,38,1956.030888
10.8,38,1956.776984
42.0,38,1957.46937
36.474656,38,1958.118585
33.070329,38,1958.656008
21.0,38,1959.132556
39.0,38,1959.731746
18.8,38,1960.362512
8.032279,38,1961.048545
65.441122,38,1961.769796
16.284966,38,1962.340825
20.56594,38,1962.874696
6.906551,38,1963.464333
26.504232,38,1964.070691
13.12495,38,1964.741302
7.284999,38,1965.34271
21.0,38,1965.985319
3.711031,38,1966.498649
100.0,38,1967.202817
11.892848,38,1967.800671
21.0,38,1968.421709
14.063167,38,1969.044064
18.084912,38,1969.611098
27.333274,38,1970.114974
12.355407,38,1970.766041
31.212017,38,1971.406219
35.0,38,1972.101479
14.333187,38,1972.740672
12.525429,38,1973.365217
19.181477,38,1973.861614
29.370378,38,1974.373011
9.362705,38,1974.981645
50.551308,38,1975.603942
11.156504,38,1976.309432
7.820389,38,1977.002983
20.386177,38,1977.590386
6.624075,38,1978.096864
48.0,38,1978.696441
20.0,38,1979.290848
8.0,38,1979.90697
28.197991,38,1980.525074
60.0,38,1981.179153
13.948762,38,1981.751094
17.6,38,1982.321495
35.406836,38,1982.995722
24.11255,38,1983.678214
8.364186,38,1984.35336
7.030462,38,1985.00038
6.131565,38,1985.568587
15.515039,38,1986.412777
44.0,38,1987.295662
11.399348,38,1988.064195
12.984388,38,1990.257199
20.414339,38,1991.043979
17.2,38,1991.811508
19.999392,38,1992.46816
19.103932,38,1993.082741
10.785202,38,1993.599522
16.11133,38,1994.110612
9.625799,38,1994.697056
2.94202,38,1995.317382
35.97273,38,1996.097417
39.81843,38,1996.948508
19.724744,38,1997.496618
44.0,38,1998.001798
23.0,38,1998.57035
50.772423,38,1999.226699
26.249104,38,1999.847941
24.055317,38,2000.470079
11.336688,38,2001.228237
23.0,38,2001.960873
52.253389,38,2002.585897
7.271253,38,2003.199656
63.747668,38,2003.821275
4.023893,38,2004.445522
9.126701,38,2005.023461
34.0,38,2005.549453
10.944211,38,2006.211007
5.206702,38,2007.008007
23.952875,38,2007.62834
50.753938,38,2008.267666
31.013406,38,2008.885672
38.0,38,2009.386265
20.86895,38,2009.926142
25.941094,38,2010.553284
41.770488,38,2011.582623
13.700769,38,2012.369063
14.215793,38,2013.129774
25.019482,38,2013.782686
26.468902,38,2014.377124
17.5789,38,2015.048733
15.6124,38,2015.776949
7.586125,38,2016.430197
13.512714,38,2017.223991
15.658307,38,2017.777981
40.0,38,2018.331859
4.315244,38,2018.959593
3.936196,38,2019.597279
14.0,38,2020.220782
15.012375,38,2020.958134
37.887968,38,2021.599442
37.442042,38,2022.327352
15.874427,38,2022.96079
30.853938,38,2023.594992
7.488096,38,2024.322635
15.73668,38,2024.90183
63.743178,38,2027.552753
15.967755,38,2028.169522
23.150157,38,2028.812873
14.001706,38,2029.3442
14.13869,38,2029.842486
53.85447,38,2030.496256
16.719624,38,2031.1758
12.339006,38,2032.085125
41.265538,38,2032.749226
6.72616,38,2033.259083
12.213085,38,2033.779491
6.156101,38,2034.375383
16.4,38,2034.949956
13.908257,38,2035.594973
23.955569,38,2036.333587
32.0,38,2036.995365
21.0,38,2037.513579
9.966734,38,2038.102099
19.840964,38,2038.786831
21.973124,38,2039.410148
9.860676,38,2039.979021
130.0,38,2040.55521
21.936449,38,2041.178559
11.030243,38,2041.828292
8.762883,38,2042.502966
10.87068,38,2043.152993
37.0,38,2043.771815
3.778286,38,2044.446292
49.742969,38,2045.122039
21.0,38,2046.004764
6.878124,38,2047.016249
32.245169,38,2047.790691
44.353367,38,2048.64129
13.961856,38,2049.405469
48.27523,38,2050.150925
17.022027,38,2051.012299
4.734645,38,2051.973633
34.0,38,2052.823708
190.0,38,2053.551028
17.448104,38,2054.173409
18.139089,38,2055.082017
13.847089,38,2055.891805
40.0,38,2056.772511
37.574383,38,2057.571407
15.666603,38,2058.217568
10.617409,38,2059.082303
9.798195,38,2059.86935
16.384605,38,2060.664576
17.034877,38,2061.510873
71.988131,38,2062.341128
21.0,38,2063.083479
80.0,38,2064.024885
29.724974,38,2064.867335
20.399278,38,2067.713316
6.203936,38,2068.380468
6.633512,38,2069.063035
10.0,38,2069.765207
17.863375,38,2070.371218
8.203126,38,2070.984883
14.078257,38,2071.529821
10.987939,38,2072.2484
7.782998,38,2072.927873
17.951465,38,2073.541799
42.0,38,2074.201489
22.0,38,2074.737387
23.790484,38,2075.436961
18.788592,38,2076.192708
84.0,38,2076.946768
29.0,38,2077.63395
4.391908,38,2078.3508
66.640232,38,2078.94383
28.190633,38,2079.504492
7.729511,38,2080.224757
18.846752,38,2080.924476
8.6,38,2081.653446
25.191226,38,2082.384663
54.0,38,2082.927051
12.384593,38,2083.437198
17.897188,38,2084.095973
6.396808,38,2084.859535
35.332476,38,2085.479495
7.421508,38,2086.171661
11.386978,38,2086.784288
22.0,38,2087.31551
13.419159,38,2087.95687
12.799304,38,2088.593614
35.51675,38,2089.228185
20.454573,38,2089.829205
16.477537,38,2090.389706
4.94867,38,2090.986308
9.593649,38,2091.659248
3.303715,38,2092.344164
28.796772,38,2092.938834
72.0,38,2093.559816
34.572292,38,2094.156545
20.751123,38,2094.65825
26.0,38,2095.229801
20.69508,38,2095.888918
61.618223,38,2096.518507
42.0,38,2097.208151
20.192093,38,2097.81701
11.970312,38,2098.333881
19.392692,38,2098.904034
13.054317,38,2099.511566
7.82464,38,2100.13682
12.315153,38,2100.769816
9.670134,38,2101.525179
14.386531,38,2103.676691
64.0,38,2104.306268
9.695785,38,2104.914351
5.337494,38,2105.669903
14.0,38,2106.212964
54.0,38,2106.951276
12.8,38,2107.62658
15.772519,38,2108.29926
10.288176,38,2108.971906
22.854819,38,2109.53684
28.0,38,2110.051112
59.548759,38,2110.734446
7.99406,38,2111.458737
42.0,38,2112.151831
10.842378,38,2112.772639
9.52949,38,2113.330971
6.4,38,2113.816321
7.989492,38,2114.388685
12.734057,38,2115.010477
23.175603,38,2115.679985
10.8,38,2116.335043
11.576181,38,2117.044309
11.450501,38,2117.530628
13.321892,38,2118.0697
50.711573,38,2118.861864
65.20219,38,2119.452225
20.0,38,2120.058208
15.310803,38,2120.767783
16.8,38,2121.262826
4.956883,38,2121.985582
32.40576,38,2122.574218
16.42773,38,2123.212897
6.39646,38,2123.831738
38.0,38,2124.446028
19.778777,38,2124.959642
37.801099,38,2125.466984
8.928061,38,2126.139757
10.687208,38,2126.788241
31.624982,38,2127.479585
27.236967,38,2128.089363
19.274644,38,2128.622783
21.0,38,2129.150931
11.417213,38,2129.787343
12.311247,38,2130.394885
25.0,38,2131.044626
18.0,38,2132.034721
12.446191,38,2132.612991
15.092866,38,2133.213296
21.880668,38,2133.794483
74.392415,38,2134.532019
39.850852,38,2135.21028
24.065421,38,2135.847473
9.113411,38,2136.583247
16.8,38,2137.653192
10.329231,38,2141.021818
12.625841,38,2141.662748
16.794687,38,2142.402589
4.394659,38,2143.042682
12.383832,38,2143.701408
48.509184,38,2144.293664
5.22955,38,2144.936008
27.0,38,2145.479891
23.621205,38,2146.069913
15.731298,38,2146.740199
6.3,38,2147.387512
37.206513,38,2147.934564
5.795701,38,2148.515249
12.4,38,2149.035306
5.110624,38,2149.530019
14.0,38,2150.120794
10.749004,38,2150.707631
8.6,38,2151.375187
19.372408,38,2152.082484
9.557439,38,2152.638447
6.823141,38,2153.124663
24.0,38,2153.641094
22.0,38,2154.21608
26.0,38,2154.798256
21.720604,38,2155.414505
20.946324,38,2156.04515
4.752381,38,2156.535619
37.574317,38,2157.135451
17.6,38,2157.770249
10.749428,38,2158.344755
56.845175,38,2158.932058
10.381178,38,2159.534098
5.351036,38,2160.029178
10.786633,38,2160.516041
49.025494,38,2161.159061
9.200937,38,2161.821452
3.399829,38,2162.487865
9.749174,38,2163.079403
36.77208,38,2163.610313
4.078758,38,2164.114008
22.0,38,2164.646039
9.079244,38,2165.262024
7.568887,38,2165.895646
5.44,38,2166.49802
11.4,38,2167.219927
16.245717,38,2167.739274
29.936531,38,2168.241821
37.446477,38,2168.847051
11.6,38,2169.450893
46.814333,38,2170.046924
17.104332,38,2170.670591
29.0,38,2171.209651
12.887954,38,2171.669205
6.343535,38,2172.361691
40.292135,38,2174.629843
15.60236,38,2175.15086
14.067002,38,2175.694522
13.178645,38,2176.386017
6.120293,38,2177.103553
43.333766,38,2177.714793
4.149082,38,2178.450596
6.213797,38,2178.938849
27.198289,38,2179.420229
17.850033,38,2179.996576
13.266648,38,2180.571635
18.462882,38,2181.185927
10.248981,38,2182.057056
11.0,38,2182.721157
5.700326,38,2183.204473
8.861729,38,2183.753338
30.309091,38,2184.343382
10.182121,38,2184.933654
13.281202,38,2185.538855
25.0,38,2186.177966
19.2,38,2186.668861
21.010834,38,2187.302217
21.820228,38,2187.916557
8.706777,38,2188.471058
28.266783,38,2189.030729
12.0,38,2189.609217
3.112924,38,2190.112121
13.542324,38,2190.596936
32.0,38,2191.310918
17.179027,38,2193.140248
58.115983,38,2193.858017
7.205234,38,2194.514169
9.903185,38,2195.160812
35.384164,38,2195.884914
8.429531,38,2196.611155
10.012963,38,2197.44929
10.669064,38,2198.370684
26.726764,38,2199.821509
41.113733,38,2200.409277
8.513211,38,2201.047346
59.938179,38,2201.621754
12.0,38,2202.339195
44.0,38,2203.029323
36.382707,38,2203.544067
15.400097,38,2204.028146
25.0,38,2204.638576
86.009257,38,2205.339189
21.2025,38,2205.990079
19.677733,38,2206.583927
33.823198,38,2207.210457
39.09996,38,2207.712219
60.0,38,2208.341748
21.265692,38,2208.952537
33.0,38,2209.541236
27.0,38,2211.582297
28.735625,38,2212.27567
22.0,38,2212.895169
48.0,38,2213.507034
13.600847,38,2214.141846
23.119129,38,2214.686258
11.06088,38,2215.18115
20.0,38,2215.790196
25.669727,38,2216.420021
16.9428,38,2217.133846
38.702779,38,2217.702528
50.2009,38,2218.288567
12.133473,38,2218.766906
5.986281,38,2219.297878
21.985171,38,2219.870958
53.348739,38,2220.44846
9.015892,38,2221.079203
20.015547,38,2221.658623
26.0,38,2222.358935
14.0,38,2222.93063
9.713294,38,2223.558029
9.4,38,2224.15526
15.544335,38,2224.724133
24.303622,38,2225.305815
3.976362,38,2225.783325
10.421762,38,2226.288177
64.0,38,2226.946857
11.953682,38,2227.682414
46.019648,38,2228.275472
39.840311,38,2228.858186
15.023552,38,2229.387474
12.45305,38,2229.887561
52.680086,38,2230.454046
5.884322,38,2231.067883
45.324553,38,2231.66433
9.30836,38,2232.390371
8.791186,38,2232.955102
7.350461,38,2233.480616
46.715678,38,2234.000058
25.919873,38,2234.599577
9.4,38,2235.172337
6.703999,38,2235.736976
4.509804,38,2236.354929
14.670399,38,2236.932038
11.415466,38,2237.468873
20.0,38,2238.047755
17.426087,38,2238.659033
49.363942,38,2239.246474
32.284105,38,2239.830259
18.489845,38,2240.400899
28.998799,38,2240.941524
17.356659,38,2241.491762
20.467016,38,2242.185393
18.909091,38,2242.803435
18.0,38,2244.814194
11.187303,38,2245.382432
49.253974,38,2246.005963
29.43465,38,2246.661351
22.877763,38,2247.344939
44.029027,38,2247.959804
17.6,38,2248.534969
16.796235,38,2249.076184
7.150894,38,2249.676393
20.673549,38,2250.245099
24.0,38,2250.89653
13.860875,38,2251.460937
24.916726,38,2252.25292
7.11362,38,2253.100907
15.848782,38,2253.719685
16.239192,38,2254.304272
22.981386,38,2254.965702
15.490764,38,2255.765451
36.0,38,2256.28769
3.482323,38,2256.853861
31.258731,38,2257.52971
6.332059,38,2258.112266
15.623978,38,2258.741285
23.0,38,2259.304473
11.524108,38,2259.795638
4.053247,38,2260.29417
18.4,38,2260.92762
17.482976,38,2261.526476
24.002694,38,2262.265781
31.37273,38,2262.953735
17.045856,38,2263.536968
3.721888,38,2264.056225
12.4,38,2264.745829
9.775673,38,2265.505121
19.149937,38,2266.634244
13.6,38,2267.356065
5.133599,38,2267.889195
19.862413,38,2268.397851
150.0,38,2269.220954
9.732928,38,2269.857736
10.124823,38,2270.493165
14.676843,38,2271.156864
12.0,38,2271.662587
19.812635,38,2272.244494
9.142472,38,2272.930338
26.454863,38,2273.592185
20.343472,38,2274.204566
18.507353,38,2274.848297
100.0,38,2275.346203
23.089484,38,2275.882345
42.200599,38,2276.501877
17.244175,38,2277.174997
9.941176,38,2277.714763
16.39326,38,2278.303899
17.378505,38,2280.241931
17.978108,38,2280.839845
50.932644,38,2281.450138
8.244804,38,2282.134223
7.968991,38,2282.718567
25.0,38,2283.244374
12.4,38,2283.814441
18.38332,38,2284.401183
15.786755,38,2284.998104
29.850141,38,2285.593184
13.134081,38,2286.286691
20.371525,38,2286.797916
15.376114,38,2287.354402
13.320409,38,2287.957204
20.244337,38,2288.537796
6.139296,38,2289.136648
10.819285,38,2289.724478
23.821397,38,2290.230387
35.0,38,2290.763879
44.0,38,2291.402255
7.718637,38,2292.096762
46.0,38,2292.694563
7.790674,38,2293.308546
9.868614,38,2293.868273
9.794811,38,2294.338812
14.0,38,2294.913416
5.735401,38,2295.489924
18.887891,38,2296.072934
8.198353,38,2296.630993
27.316101,38,2297.31128
20.18537,38,2297.870911
4.937546,38,2298.5369
34.562741,38,2299.240241
26.890327,38,2299.920209
9.650496,38,2300.64809
14.77271,38,2301.489078
7.939657,38,2302.210923
14.539136,38,2303.089853
40.0,38,2304.071776
21.85599,38,2304.953598
29.0,38,2305.847614
23.878788,38,2306.593311
8.059236,38,2307.250459
24.286421,38,2307.935787
77.828924,38,2308.659335
19.796672,38,2309.345816
8.169088,38,2310.001781
36.502554,38,2310.560039
10.412185,38,2311.204021
20.054978,38,2311.831217
13.2,38,2312.631845
14.808041,38,2313.300121
11.057225,38,2314.291774
13.076136,38,2314.827854
34.00763,38,2317.62341
16.031695,38,2318.272132
3.408523,38,2318.86038
16.0,38,2319.745847
15.2,38,2320.433657
5.461885,38,2321.127205
21.880828,38,2321.75369
27.638472,38,2322.439834
7.693804,38,2323.04279
14.362785,38,2323.799798
16.929772,38,2324.466614
10.596684,38,2325.186248
81.555149,38,2325.831281
4.182656,38,2326.413486
29.314989,38,2327.039777
31.0,38,2327.697305
17.768094,38,2328.328189
16.489568,38,2328.946704
42.0,38,2329.600748
21.244776,38,2330.117427
12.877045,38,2330.611639
52.0,38,2331.346815
17.657455,38,2332.020298
35.517691,38,2332.889323
8.07798,38,2333.477858
7.927625,38,2334.00126
14.8,38,2334.488936
4.344717,38,2335.010888
16.446139,38,2335.619898
2.598653,38,2336.304695
40.861792,38,2336.977396
31.743509,38,2337.59541
6.863178,38,2338.105704
23.0,38,2338.603073
46.666667,38,2339.217217
23.001683,38,2339.840457
10.90448,38,2340.439526
9.192228,38,2341.054302
12.054155,38,2341.54753
30.625,38,2342.092743
15.074731,38,2342.675153
40.054318,38,2343.311439
16.787376,38,2343.888251
27.533252,38,2344.514093
38.349935,38,2345.088717
25.0,38,2345.586924
14.543572,38,2346.175966
36.0,38,2346.758682
12.8,38,2347.400324
20.280238,38,2347.953942
68.0,38,2348.565879
25.344332,38,2349.054766
23.0,38,2349.575978
20.0,38,2350.175343
48.0,38,2352.555661
15.995243,38,2353.039154
9.653786,38,2353.593231
47.385839,38,2354.173219
5.819535,38,2354.773895
44.0,38,2355.354753
12.260359,38,2355.946259
3.730867,38,2356.471877
15.461772,38,2357.023603
18.240038,38,2357.630093
10.76034,38,2358.221727
17.388274,38,2358.841724
17.711063,38,2359.434339
36.016292,38,2360.007915
37.078864,38,2360.499224
16.802488,38,2361.109371
24.68702,38,2361.685971
6.505263,38,2362.358241
44.914682,38,2362.913637
24.14681,38,2363.484041
5.55343,38,2363.956334
3.716297,38,2364.463527
23.199331,38,2365.101762
11.652065,38,2365.700404
16.240381,38,2366.27655
12.90147,38,2366.86979
12.455123,38,2367.457727
4.932468,38,2367.924609
29.563793,38,2368.455556
9.885724,38,2369.066758
14.072771,38,2369.661217
20.001815,38,2370.235946
6.157439,38,2370.796312
13.075859,38,2371.322693
4.168033,38,2371.873253
32.220217,38,2372.591509
7.587435,38,2373.173792
8.794955,38,2373.78098
3.369657,38,2374.449861
21.993813,38,2374.97604
20.39493,38,2375.663988
39.832869,38,2376.428322
22.01384,38,2377.091777
7.849847,38,2377.699468
22.591755,38,2378.30036
22.014498,38,2378.872406
26.0,38,2379.367798
10.357707,38,2380.012744
13.331949,38,2380.587324
29.910623,38,2381.199774
41.47399,38,2381.755941
10.259063,38,2382.374397
20.194089,38,2382.876606
34.0,38,2385.356434
33.923492,38,2385.940474
4.475109,38,2386.447448
22.400802,38,2387.076213
5.999841,38,2387.826002
24.233032,38,2388.395434
50.080575,38,2388.988773
17.207285,38,2389.599119
21.0,38,2390.120997
7.809219,38,2390.616333
22.766901,38,2391.2692
27.447536,38,2391.90951
9.46092,38,2392.527531
5.357187,38,2393.139432
40.0,38,2393.662554
21.0,38,2394.161205
5.408187,38,2394.682807
60.0,38,2395.304675
18.4,38,2395.885558
23.0,38,2396.491121
7.208181,38,2397.141972
68.620075,38,2397.64159
20.975984,38,2398.156744
19.184766,38,2398.805623
9.783275,38,2399.399309
10.814999,38,2399.993923
120.777756,38,2400.590414
4.739313,38,2401.118905
10.891747,38,2401.602559
2.406266,38,2402.276089
12.694057,38,2402.859546
21.917503,38,2403.463986
8.769139,38,2404.075063
28.0,38,2404.633741
73.248346,38,2405.170816
66.209289,38,2405.722151
4.510435,38,2406.366371
12.189632,38,2407.027839
16.922965,38,2407.609234
22.0,38,2408.169741
8.161577,38,2408.647565
15.05857,38,2409.184222
12.060995,38,2409.786893
27.038563,38,2410.382809
22.0,38,2411.007029
7.290952,38,2411.610596
12.160295,38,2412.209126
7.182223,38,2412.701858
13.807198,38,2413.309091
58.787386,38,2413.935482
49.024675,38,2414.558538
11.0,38,2415.17854
21.0,38,2415.71035
37.968992,38,2416.238671
10.423607,38,2418.453181
5.671338,38,2419.30842
50.472287,38,2419.782616
11.000985,38,2420.479705
30.84332,38,2421.114199
11.818646,38,2421.676684
42.638634,38,2422.310365
14.751903,38,2422.891331
30.658965,38,2423.374355
17.6,38,2423.826334
19.776,38,2424.458549
19.87751,38,2425.119992
10.713356,38,2425.703153
22.687191,38,2426.366822
22.936179,38,2426.904593
9.059638,38,2427.451872
115.0,38,2428.020908
12.024877,38,2428.638253
12.218022,38,2429.241836
73.222297,38,2429.791841
16.240437,38,2430.393045
39.293795,38,2430.910948
12.050208,38,2431.582988
44.45295,38,2432.26505
16.522737,38,2432.875054
34.558149,38,2433.514827
26.0,38,2434.098767
11.17888,38,2434.556223
11.550346,38,2435.31429
36.165291,38,2435.870902
22.680781,38,2436.478229
14.532162,38,2437.143954
27.94848,38,2437.716402
9.439964,38,2438.243924
21.0,38,2438.762023
15.147647,38,2439.415318
10.28229,38,2440.010138
83.797571,38,2440.647882
11.968963,38,2441.282233
12.148639,38,2441.813641
26.834373,38,2442.389877
6.003543,38,2442.952405
35.0,38,2443.581961
35.873162,38,2444.192637
20.022196,38,2444.913233
6.423498,38,2445.572803
9.348099,38,2446.104649
9.097065,38,2446.683641
34.894665,38,2447.374392
4.96,38,2447.924006
31.089218,38,2448.601965
15.268632,38,2449.233253
5.14907,38,2449.737357
33.314577,38,2450.315429
18.33097,38,2452.641159
10.0,38,2453.237637
21.587831,38,2453.797168
7.34545,38,2454.375495
33.0,38,2454.970627
25.785549,38,2455.60623
45.127175,38,2456.249003
18.126066,38,2456.791115
20.97575,38,2457.351819
3.170949,38,2457.888856
15.007885,38,2458.477873
42.0,38,2459.062775
21.403009,38,2459.694641
8.007647,38,2460.40627
40.441161,38,2460.915242
7.2,38,2461.453869
18.8,38,2462.15489
12.834496,38,2462.747542
35.285997,38,2463.379268
11.99265,38,2463.961727
12.444372,38,2464.545649
33.267939,38,2465.047034
13.989636,38,2465.826475
62.921317,38,2466.483598
42.722753,38,2467.199615
10.185962,38,2467.771182
7.026544,38,2468.376811
68.0,38,2468.891507
9.276589,38,2469.482532
15.02307,38,2470.056797
7.349338,38,2470.682763
12.4,38,2471.313613
18.37708,38,2471.901026
18.74826,38,2472.479211
79.46402,38,2472.994893
24.318948,38,2473.619516
10.6,38,2474.250142
37.354431,38,2474.914063
40.0,38,2475.620579
22.0,38,2476.196985
27.305017,38,2476.77203
33.148136,38,2477.511349
26.683467,38,2478.185218
15.909357,38,2478.987219
21.860618,38,2479.654827
21.570354,38,2480.189648
68.0,38,2480.76434
10.67265,38,2481.426371
60.0,38,2482.061639
32.214767,38,2482.730713
8.958002,38,2483.345184
15.164988,38,2483.830745
13.178345,38,2484.337733
11.12923,38,2484.945817
16.425378,38,2487.313934
6.3549,38,2487.826518
6.601553,38,2488.431174
19.081168,38,2489.068237
15.874748,38,2489.689339
36.0,38,2490.294382
21.147245,38,2490.902895
5.420992,38,2491.431032
16.960771,38,2491.930967
7.83909,38,2492.615897
11.503826,38,2493.234444
18.815715,38,2493.83335
18.243248,38,2494.47611
7.034406,38,2495.279873
22.27695,38,2496.273233
31.445205,38,2496.888811
5.993568,38,2497.562369
47.966339,38,2498.15446
18.458459,38,2498.710166
15.94818,38,2499.194765
22.48694,38,2499.788135
7.941101,38,2500.422541
17.2,38,2501.069649
21.309224,38,2501.679974
11.496247,38,2502.341761
16.110312,38,2502.866356
25.0,38,2503.375178
7.455222,38,2503.960939
8.409421,38,2504.640843
7.580796,38,2505.343405
31.192687,38,2506.029618
4.761685,38,2506.603738
7.393114,38,2507.21523
29.657547,38,2507.806865
13.6,38,2508.430244
10.768044,38,2509.034485
11.258658,38,2509.665874
5.154374,38,2510.213053
19.515966,38,2510.702753
26.987315,38,2511.498517
96.0,38,2512.147266
10.788045,38,2512.786049
40.737106,38,2513.395287
13.82542,38,2513.952125
32.845902,38,2514.45141
6.648969,38,2515.042286
14.908554,38,2515.676417
15.24477,38,2516.323328
66.047375,38,2516.881307
9.810121,38,2517.569306
14.392871,38,2518.055211
8.015002,38,2518.576426
11.676448,38,2519.174834
2.906099,38,2519.828428
20.0,38,2522.05139
48.861573,38,2522.61545
40.877459,38,2523.261314
113.634596,38,2523.855814
17.683646,38,2524.466959
60.0,38,2525.120087
35.0,38,2525.621738
11.178872,38,2526.230739
6.701715,38,2526.834108
24.021523,38,2527.528736
12.659903,38,2528.113771
52.0,38,2528.710839
10.786385,38,2529.20212
30.899483,38,2529.716317
8.591303,38,2530.299586
18.131917,38,2530.924043
31.0,38,2531.57362
25.350445,38,2532.276023
13.372397,38,2532.885606
17.384359,38,2533.399296
140.99903,38,2533.972349
50.0,38,2534.587938
17.2,38,2535.203064
11.6,38,2535.833184
6.459139,38,2536.425096
15.852883,38,2536.900348
10.147104,38,2537.475122
19.2,38,2538.049876
15.6,38,2538.638526
3.682539,38,2539.241842
13.125223,38,2539.863089
14.069005,38,2540.397056
5.697385,38,2540.903975
14.5034,38,2541.535742
5.71415,38,2542.294682
26.778449,38,2542.891049
15.704574,38,2543.476305
61.352162,38,2544.035788
4.753364,38,2544.519951
13.6,38,2545.085139
15.469181,38,2545.687665
60.0,38,2546.387124
73.811291,38,2546.972106
30.742296,38,2547.645302
50.22335,38,2548.205223
31.003715,38,2548.787325
10.591036,38,2549.382114
13.205826,38,2550.007132
6.747591,38,2550.606383
61.412182,38,2551.288214
5.74739,38,2551.807772
11.206025,38,2552.36146
20.96217,38,2553.117443
13.80816,38,2553.744712
10.963476,38,2556.162932
13.371429,38,2556.762937
11.4,38,2557.528463
4.016184,38,2558.175386
18.963132,38,2558.808524
6.03478,38,2559.368508
4.779386,38,2559.901424
804.349882,38,2560.476553
13.806244,38,2561.122306
11.4,38,2561.740508
16.0,38,2562.427005
10.891449,38,2563.059785
10.939725,38,2563.537125
12.285006,38,2564.07874
18.4,38,2564.763475
16.856907,38,2565.50657
18.416764,38,2566.271388
6.184578,38,2566.898125
17.6,38,2567.45975
25.201851,38,2567.999597
15.2,38,2568.661699
11.532329,38,2569.29367
40.0,38,2569.938674
18.8,38,2570.547189
52.593795,38,2571.123147
10.022204,38,2571.645044
9.191232,38,2572.34759
16.992258,38,2572.954772
34.961074,38,2573.522496
38.0,38,2574.101701
55.734078,38,2574.676072
41.931413,38,2575.188172
11.853749,38,2575.712035
56.054757,38,2576.397178
25.046512,38,2576.974914
2.72,38,2577.654375
24.838612,38,2578.279735
14.338786,38,2578.825047
22.920457,38,2579.501162
2.478576,38,2580.177624
9.758591,38,2580.79907
4.61153,38,2581.493742
7.100112,38,2582.093384
39.239499,38,2582.638681
12.581818,38,2583.197993
34.078309,38,2583.801332
20.0,38,2584.395741
30.612839,38,2585.040099
15.158863,38,2585.638364
15.685876,38,2586.225632
12.423951,38,2586.775577
14.0,38,2587.494003
11.882903,38,2588.071933
15.824324,38,2588.681857
19.710299,38,2590.767385
22.410543,38,2591.422841
48.0,38,2592.005419
31.833377,38,2592.709732
5.412298,38,2593.277089
14.258089,38,2593.77268
46.118478,38,2594.31737
19.809403,38,2594.927459
15.727112,38,2595.541446
20.0,38,2596.152607
30.758018,38,2596.791789
12.4,38,2597.359279
48.655706,38,2597.832814
13.61154,38,2598.441894
33.921487,38,2599.155572
39.456787,38,2599.743973
36.106838,38,2600.363486
12.684051,38,2600.883103
11.6,38,2601.427426
13.6,38,2602.149355
13.068927,38,2602.760645
19.224884,38,2603.383245
11.363917,38,2603.990132
32.763275,38,2604.558634
6.204555,38,2605.061212
41.958584,38,2605.623799
18.837083,38,2606.32286
23.549435,38,2606.896112
44.0,38,2607.568381
20.276812,38,2608.167099
29.0,38,2608.679883
9.207927,38,2609.177885
6.4454,38,2609.79893
9.358215,38,2610.425356
12.675623,38,2610.998299
31.008185,38,2611.689832
26.78746,38,2612.30642
22.065704,38,2612.850148
22.171285,38,2613.480514
8.783153,38,2614.081792
6.846645,38,2614.688756
20.903277,38,2615.376921
15.040748,38,2615.909876
5.137083,38,2616.46617
7.338634,38,2617.066811
60.0,38,2617.746821
60.0,38,2618.335774
38.554866,38,2618.929434
45.875658,38,2619.482877
10.02641,38,2619.974451
305.257985,38,2620.544813
14.815564,38,2621.252056
14.759819,38,2621.871802
14.454982,38,2622.478175
98.256842,38,2624.57757
8.929241,38,2625.333957
12.236735,38,2625.957897
8.4,38,2626.677405
4.516791,38,2627.284188
6.311532,38,2627.784621
9.971212,38,2628.363903
101.254753,38,2628.986779
31.685813,38,2629.630018
9.693431,38,2630.228857
4.689112,38,2630.841917
39.67541,38,2631.385588
17.309854,38,2631.931613
44.063752,38,2632.877158
8.507723,38,2633.447804
22.106959,38,2634.059184
23.281529,38,2634.690846
7.549907,38,2635.229709
8.6,38,2635.735931
20.303721,38,2636.438424
15.731077,38,2637.014901
27.0,38,2637.66159
27.0,38,2638.234985
17.664161,38,2638.762304
37.412067,38,2639.294164
7.527644,38,2639.832458
22.0,38,2640.426615
17.6,38,2641.081538
20.000951,38,2641.782879
3.969246,38,2642.438438
3.582852,38,2642.945309
52.0,38,2643.463468
36.777837,38,2644.049432
15.201288,38,2644.86067
3.299238,38,2645.809381
23.0,38,2647.109432
28.162501,38,2648.298418
19.758087,38,2649.390235
5.820668,38,2650.453819
10.175694,38,2651.628296
16.992083,38,2652.693028
12.8,38,2653.498776
24.0,38,2654.300284
54.090477,38,2655.13564
17.005444,38,2655.942059
21.92111,38,2656.808757
18.531056,38,2657.5674
33.374216,38,2658.185548
17.44007,38,2658.958325
30.968769,38,2659.732206
29.0,38,2660.513092
21.8018,38,2661.347991
4.056035,38,2662.018771
11.88258,38,2662.822296
9.139415,38,2665.634686
12.897425,38,2666.317339
17.976003,38,2667.170816
61.788055,38,2667.975653
26.249911,38,2668.607678
9.028453,38,2669.259197
11.305799,38,2669.881896
17.349446,38,2670.41177
28.0,38,2670.92778
13.010706,38,2671.584875
13.686135,38,2672.23862
26.0,38,2672.891455
13.06424,38,2673.455481
21.57826,38,2673.965145
26.0,38,2674.456972
34.0,38,2675.218506
28.0,38,2675.835135
32.0,38,2676.475405
14.952505,38,2677.352446
13.890304,38,2677.853367
19.827758,38,2678.339076
29.887612,38,2678.944293
12.4,38,2679.539282
22.0,38,2680.145049
12.185589,38,2680.779006
8.509311,38,2681.398304
12.971663,38,2681.928054
38.0,38,2682.53621
70.098062,38,2683.173261
68.0,38,2683.770924
6.714106,38,2684.382379
17.071785,38,2685.093948
12.366211,38,2685.638491
15.957448,38,2686.167722
58.791014,38,2686.842241
22.027084,38,2687.528769
7.747432,38,2688.15354
21.793926,38,2688.767801
8.377733,38,2689.27358
7.43326,38,2689.778657
27.445073,38,2690.374526
6.6,38,2691.007043
19.933688,38,2691.661634
7.729496,38,2692.391415
25.450531,38,2692.913688
5.732404,38,2693.429281
16.404285,38,2693.996968
24.148802,38,2694.60628
12.416469,38,2695.19937
25.0,38,2695.773417
6.819911,38,2696.391499
60.851852,38,2696.93803
20.33454,38,2697.608511
92.190476,38,2698.242303
14.446115,38,2700.362516
8.213064,38,2700.920911
46.46762,38,2701.622412
9.509743,38,2702.403618
13.298518,38,2703.064459
12.8,38,2703.661118
68.529463,38,2704.218635
76.0,38,2704.703572
7.372476,38,2705.294659
13.013108,38,2705.914072
5.045764,38,2706.547583
27.0,38,2707.117064
7.557854,38,2707.776006
5.642831,38,2708.30318
22.262569,38,2708.831339
4.125767,38,2709.449288
4.523719,38,2710.034219
3.316159,38,2710.641603
11.184784,38,2711.306472
8.746412,38,2711.838009
24.057384,38,2712.404892
6.166357,38,2713.027618
32.127299,38,2713.675332
24.864677,38,2714.317986
77.023591,38,2714.930003
23.0,38,2715.462269
4.777727,38,2716.00174
7.027566,38,2716.600454
50.0,38,2717.261377
15.554678,38,2717.845428
21.108315,38,2718.442343
144.722222,38,2719.004942
6.311874,38,2719.74921
25.314463,38,2720.352231
15.617011,38,2720.956276
18.781027,38,2721.599758
16.4,38,2722.404494
14.584285,38,2722.924026
11.153002,38,2723.41044
21.658784,38,2723.933479
22.039,38,2724.57421
53.851632,38,2725.171838
10.2,38,2725.777488
14.396578,38,2726.45781
46.0,38,2726.972185
16.311275,38,2727.575087
50.0,38,2728.201754
47.108702,38,2728.837986
36.546898,38,2729.434732
5.252219,38,2730.023747
37.0102,38,2730.554742
12.11839,38,2731.027264
13.607358,38,2731.690632
43.030222,38,2733.955802
23.291009,38,2734.459222
48.0,38,2735.195082
34.433261,38,2735.875703
5.078142,38,2736.535233
4.990817,38,2737.377436
46.780793,38,2738.009882
15.306292,38,2738.511242
11.867142,38,2739.121082
54.153782,38,2739.767242
7.216155,38,2740.350475
9.240784,38,2740.960958
17.815534,38,2741.612434
9.051662,38,2742.099386
8.16108,38,2742.708488
23.583082,38,2743.325191
22.965583,38,2743.969007
32.0,38,2744.627559
38.634151,38,2745.329469
32.450357,38,2745.874038
8.863759,38,2746.447551
30.447736,38,2747.110657
55.918245,38,2747.81345
28.903526,38,2748.394924
13.164577,38,2749.014825
12.077651,38,2749.542619
12.606418,38,2750.039852
4.641025,38,2750.625247
8.111669,38,2751.272797
44.049569,38,2751.907294
20.0,38,2752.640769
60.0,38,2753.291737
4.645938,38,2753.796915
27.0,38,2754.379835
8.628554,38,2755.012418
33.279525,38,2755.590412
15.969421,38,2756.189624
13.179022,38,2756.819075
43.804856,38,2757.409185
6.434706,38,2758.53518
8.792279,38,2759.173879
25.0,38,2759.897287
48.0,38,2760.543787
4.100222,38,2761.300613
22.184788,38,2761.896506
13.330389,38,2762.640615
46.0,38,2763.303308
11.228146,38,2763.885685
19.356646,38,2764.502166
7.998795,38,2765.041897
7.012394,38,2765.547313
11.305759,38,2766.120876
27.291885,38,2766.774797
67.445273,38,2767.570001
18.675011,38,2769.698667
36.940469,38,2770.286415
8.51906,38,2770.863226
9.003802,38,2771.604735
15.626566,38,2772.24468
13.883936,38,2772.80463
19.2,38,2773.33612
17.910696,38,2773.93463
12.418506,38,2774.538678
23.602782,38,2775.105178
31.618903,38,2775.710368
20.160669,38,2776.269921
19.021325,38,2776.807331
13.049141,38,2777.541557
19.284008,38,2778.139458
7.618572,38,2778.726242
12.4,38,2779.323235
22.0,38,2779.873992
7.094023,38,2780.3653
52.823206,38,2780.912863
18.852155,38,2781.59896
28.417197,38,2782.185759
6.92642,38,2782.874299
13.206958,38,2783.463936
8.789665,38,2783.951161
15.194753,38,2784.447452
8.199877,38,2785.105782
11.244067,38,2785.866974
10.354162,38,2786.558051
37.634785,38,2787.185702
16.935098,38,2787.788942
23.078026,38,2788.349925
15.46356,38,2789.031428
7.691987,38,2789.684248
7.95193,38,2790.327632
5.539581,38,2790.984519
130.0,38,2791.723152
10.2,38,2794.097266
7.393346,38,2795.578825
7.679073,38,2796.148003
37.0,38,2796.783775
4.038955,38,2797.475443
5.788717,38,2798.114406
10.414973,38,2798.721761
16.539048,38,2799.235727
35.490386,38,2799.815962
37.897277,38,2800.421605
45.246525,38,2801.070384
11.61935,38,2801.741022
10.333389,38,2802.320273
31.0,38,2802.838403
13.6,38,2803.423945
3.558978,38,2804.00485
10.162411,38,2804.626806
16.427454,38,2806.752965
10.281633,38,2807.397823
34.826597,38,2808.027003
30.0,38,2808.630445
10.247356,38,2809.244415
138.149127,38,2809.821222
9.0,38,2810.302587
21.23408,38,2810.84715
10.275745,38,2811.476977
15.588812,38,2812.083636
36.188174,38,2812.70206
44.599473,38,2813.39038
10.186599,38,2813.960651
47.970811,38,2814.452887
14.823351,38,2815.046229
9.2,38,2815.637161
26.257193,38,2816.269442
32.029206,38,2817.014326
18.8,38,2817.639577
41.905165,38,2818.143714
7.617056,38,2818.749885
14.875457,38,2819.470784
41.598425,38,2820.051124
8.395147,38,2820.683466
14.495431,38,2821.2743
31.709476,38,2821.825284
9.653126,38,2822.472742
24.070812,38,2823.116546
12.001752,38,2823.684109
12.673694,38,2824.289505
20.538501,38,2824.88126
9.186826,38,2825.367021
13.434267,38,2825.891742
4.894605,38,2826.534868
24.590766,38,2827.148291
67.539303,38,2827.823313
25.0,38,2828.408679
32.208767,38,2828.93547
13.878995,38,2829.435822
7.728621,38,2830.04222
21.505707,38,2830.655176
3.719304,38,2831.301606
11.836126,38,2832.02816
17.314142,38,2832.683201
17.34416,38,2833.257292
9.567205,38,2833.905766
18.440288,38,2834.553244
8.740759,38,2835.14789
12.001833,38,2835.728043
14.332828,38,2836.254333
9.221205,38,2836.784535
11.384751,38,2837.466627
22.972494,38,2838.100514
23.0,38,2838.715
4.475348,38,2840.708455
19.441326,38,2841.332056
53.856296,38,2841.946159
27.075931,38,2842.629824
10.160688,38,2843.262382
6.67432,38,2843.746311
5.170925,38,2844.23285
48.375415,38,2844.825789
40.0,38,2845.413754
69.495591,38,2846.104662
4.720894,38,2846.78456
23.904982,38,2847.391294
7.148819,38,2847.936935
32.546241,38,2848.564677
3.075858,38,2849.207867
10.662893,38,2849.859267
13.586925,38,2850.494215
7.316959,38,2851.108494
6.02751,38,2851.638209
14.093938,38,2852.220343
9.376297,38,2852.938368
13.6,38,2853.729265
9.281726,38,2854.299228
4.243249,38,2854.885281
16.0,38,2855.620081
8.712876,38,2856.139245
10.30391,38,2856.832587
28.0,38,2857.553506
18.026692,38,2858.396807
13.165614,38,2859.060146
60.0,38,2859.565692
14.80432,38,2860.050491
9.666062,38,2860.668812
22.1,38,2861.278757
61.043078,38,2861.974952
20.0,38,2862.687195
11.8,38,2863.253874
4.535876,38,2863.781474
9.2,38,2864.368928
12.0,38,2865.083707
7.405608,38,2865.714639
28.129173,38,2866.303589
44.912818,38,2866.937795
85.77665,38,2867.519372
13.52038,38,2868.06543
26.277613,38,2868.704307
9.643478,38,2869.311928
11.848696,38,2869.89853
11.885705,38,2870.462522
17.69646,38,2870.955435
7.940223,38,2871.521169
14.8,38,2872.118165
7.867699,38,2872.811789
16.177647,38,2873.474473
6.73774,38,2875.437151
3.657192,38,2876.003901
5.824214,38,2876.640656
11.210351,38,2877.244146
3.95467,38,2877.959582
5.91241,38,2878.508689
12.380459,38,2879.03182
3.931101,38,2879.623313
8.440874,38,2880.205383
29.96877,38,2880.787409
23.070829,38,2881.437502
10.798831,38,2881.945111
14.4,38,2882.510681
10.454235,38,2883.127013
11.63934,38,2883.745781
13.327239,38,2884.333324
29.0,38,2884.921777
20.640987,38,2885.441159
24.55,38,2885.930901
27.757963,38,2886.545526
15.965643,38,2887.141011
11.962423,38,2887.837171
4.579497,38,2888.432898
31.255576,38,2889.03477
41.723325,38,2889.540986
21.898184,38,2890.090505
19.252463,38,2890.697912
28.964349,38,2891.253233
25.0,38,2891.853585
6.470746,38,2892.486837
64.0,38,2893.010141
49.80591,38,2893.532095
13.163907,38,2894.122022
45.310945,38,2894.679825
2.68,38,2895.245188
52.692857,38,2895.81568
6.419786,38,2896.407717
14.056468,38,2896.927859
25.0,38,2897.583821
36.935344,38,2899.25356
55.841316,38,2900.058277
8.771893,38,2900.74121
34.840463,38,2901.533207
4.867376,38,2902.108941
32.897544,38,2903.44466
45.130756,38,2904.111478
17.751579,38,2904.685337
18.837996,38,2905.286361
15.103171,38,2905.840271
11.899681,38,2906.33513
15.293891,38,2906.95578
31.193823,38,2907.650349
11.975217,38,2908.231464
46.041136,38,2908.861436
14.4553,38,2910.858355
9.663978,38,2911.444657
9.880469,38,2912.019357
5.697373,38,2912.730988
17.6,38,2913.265327
4.077325,38,2913.746756
14.902306,38,2914.324767
7.662981,38,2914.998962
6.467614,38,2915.70016
10.959386,38,2916.303319
15.2,38,2916.965671
15.268199,38,2917.526799
34.502945,38,2918.090307
7.638408,38,2918.690843
11.618379,38,2919.302364
16.8,38,2919.892988
32.0,38,2920.49336
16.168826,38,2921.00659
23.796665,38,2921.508098
16.495788,38,2922.097664
13.587477,38,2922.802835
12.059497,38,2923.3727
13.858508,38,2923.953409
19.389125,38,2924.575007
35.0,38,2925.121473
39.0,38,2925.718573
12.4,38,2926.40723
11.6,38,2927.071716
19.300099,38,2927.901528
18.350008,38,2928.502516
2.643328,38,2929.249005
27.0,38,2929.87051
72.089219,38,2930.552276
59.642506,38,2931.181005
10.233688,38,2931.862871
23.784225,38,2932.444097
9.164911,38,2933.276905
16.146225,38,2933.886031
6.91326,38,2934.509393
9.057451,38,2935.132025
27.377132,38,2935.758563
4.599793,38,2936.256839
58.0,38,2936.775637
11.021147,38,2937.34244
4.412146,38,2937.968483
31.654016,38,2938.547632
20.968768,38,2939.20157
62.806826,38,2939.757928
23.636779,38,2940.28928
9.597261,38,2940.821146
10.815446,38,2941.424552
25.639514,38,2942.069115
29.0,38,2942.667053
12.058537,38,2943.222455
33.866269,38,2945.287139
14.4,38,2945.958814
30.0,38,2946.640645
14.4,38,2947.256463
8.833852,38,2947.846829
15.61779,38,2948.367561
11.950495,38,2949.076522
64.882058,38,2949.708763
38.241379,38,2950.306364
37.969699,38,2950.903535
28.0,38,2951.399979
21.0,38,2951.925651
44.91166,38,2952.602418
13.779201,38,2953.22162
18.0,38,2953.832048
30.0,38,2954.450884
6.642918,38,2954.960132
55.583368,38,2955.441061
13.684393,38,2955.997403
12.633504,38,2956.647318
7.505471,38,2957.23173
37.449142,38,2957.937255
19.2,38,2958.498578
60.0,38,2958.979129
39.45045,38,2959.522743
6.984249,38,2960.142603
12.815171,38,2960.711213
11.354972,38,2961.308386
12.227421,38,2961.921528
21.047391,38,2962.492006
19.158993,38,2963.035674
21.002207,38,2963.632739
6.71272,38,2964.236137
9.953582,38,2964.852932
6.584021,38,2965.442229
24.300648,38,2965.988664
15.90977,38,2966.539143
80.0,38,2967.130571
17.955792,38,2967.822141
10.399001,38,2968.459243
18.228907,38,2969.04497
33.377896,38,2969.589628
14.713253,38,2970.087495
16.801933,38,2970.638132
9.202846,38,2971.21139
6.284522,38,2971.867909
64.0,38,2972.607679
30.450311,38,2973.240908
17.155872,38,2973.767134
60.0,38,2974.250143
37.015441,38,2975.204094
37.498649,38,2975.936865
12.491805,38,2976.546123
6.360822,38,2977.151656
130.0,38,2979.530165
54.094673,38,2980.161068
14.97591,38,2980.794469
7.487053,38,2981.359468
35.4179,38,2981.883619
37.494585,38,2982.433644
11.6,38,2983.12395
23.0,38,2983.775416
44.0,38,2984.396371
11.338259,38,2985.148825
14.40015,38,2985.663383
8.829713,38,2986.159126
8.649907,38,2986.814459
6.128524,38,2987.407287
4.617262,38,2988.179215
9.574177,38,2988.771193
2.563888,38,2989.284136
20.573717,38,2989.798688
9.763264,38,2990.359241
10.193864,38,2990.966427
25.697559,38,2991.60633
37.0,38,2992.213059
20.749574,38,2992.839744
3.351256,38,2993.346828
24.49164,38,2993.862365
28.024255,38,2994.508809
44.0,38,2995.108938
11.051639,38,2995.703326
30.0,38,2996.304962
14.314539,38,2996.818042
20.0,38,2997.32572
14.317197,38,2998.019316
9.147572,38,2998.666001
80.408372,38,2999.28222
35.523103,38,2999.930591
13.469854,38,3000.507467
7.174627,38,3001.027547
7.878412,38,3001.722442
30.0,38,3002.332955
14.046068,38,3003.011542
15.386585,38,3003.74147
9.6,38,3004.249529
38.214224,38,3004.772677
6.017895,38,3005.351995
8.95953,38,3005.9583
6.209254,38,3006.595638
19.741526,38,3007.202826
12.908325,38,3007.831067
13.576224,38,3008.336446
33.0,38,3008.890542
13.595037,38,3009.486396
4.507959,38,3010.107342
7.393716,38,3010.695371
54.544936,38,3011.275383
10.148268,38,3013.35364
20.0,38,3013.971451
17.569388,38,3014.573962
15.510534,38,3015.185046
10.6,38,3015.689098
10.222857,38,3016.261611
5.831411,38,3016.882795
8.911454,38,3017.543884
6.90626,38,3018.198591
40.0,38,3018.80199
26.146662,38,3019.471159
24.263898,38,3020.185627
19.583569,38,3020.752162
7.954406,38,3021.311573
17.967529,38,3021.936677
30.0,38,3022.631856
48.0,38,3023.13256
29.067816,38,3023.654178
29.0,38,3024.263132
40.0,38,3024.893145
18.652249,38,3025.463416
15.043887,38,3026.071097
40.346211,38,3026.648008
10.896147,38,3027.126896
15.823285,38,3027.795797
56.362482,38,3028.400953
32.428541,38,3028.98321
20.0,38,3029.581156
15.358568,38,3030.170769
18.094899,38,3030.682578
7.493376,38,3031.248064
59.231193,38,3031.868493
23.522863,38,3032.500552
33.0,38,3033.201763
22.198173,38,3034.051775
29.039362,38,3035.953785
15.036604,38,3041.651178
3.336354,38,3047.261531
10.468461,38,3050.081847
6.523802,38,3050.796714
32.983052,38,3051.515833
30.215623,38,3052.750195
9.607624,38,3053.583661
14.581457,38,3054.16337
8.6,38,3054.914121
15.675829,38,3055.623202
3.314026,38,3056.334374
12.767364,38,3057.091648
9.802324,38,3057.919592
3.840684,38,3058.60088
7.798265,38,3059.423669
6.091353,38,3060.278421
9.797798,38,3061.084041
9.75679,38,3064.032267
8.083476,38,3064.940485
19.150974,38,3067.778253
5.101383,38,3069.072333
18.971824,38,3069.69836
23.778409,38,3070.679956
40.0,38,3071.771209
11.829453,38,3072.413274
43.93218,38,3073.109332
7.229184,38,3073.779928
9.806548,38,3074.384692
20.0,38,3075.061757
23.079761,38,3075.906917
9.568687,38,3076.719121
20.251187,38,3077.489673
22.0,38,3078.181566
44.0,38,3078.706705
32.935801,38,3079.244228
14.466714,38,3079.924736
22.740326,38,3080.669738
11.949381,38,3081.316146
18.623301,38,3082.043527
16.8,38,3082.747901
51.64943,38,3083.421441
46.047671,38,3084.092526
11.785915,38,3084.926319
3.21746,38,3085.799433
9.422596,38,3086.473852
18.190964,38,3087.303163
20.854399,38,3088.081205
13.090972,38,3088.735853
28.0,38,3089.387486
37.863243,38,3090.149976
5.358177,38,3090.736601
23.0,38,3091.623777
12.817209,38,3092.291724
4.406758,38,3093.038289
21.775749,38,3093.658657
4.742782,38,3094.210001
8.234114,38,3094.744254
23.0,38,3095.44214
6.810157,38,3096.071503
15.632525,38,3096.707949
8.76753,38,3097.30056
6.403941,38,3097.958843
18.384986,38,3098.45889
52.0,38,3098.996194
43.805021,38,3099.676308
8.0,38,3100.362402
16.51799,38,3100.9707
24.274048,38,3101.627011
9.781311,38,3102.179578
63.187621,38,3102.764781
6.904583,38,3103.446413
30.942562,38,3106.274554
12.69078,38,3106.916402
10.966638,38,3107.878117
13.650629,38,3108.667368
4.745262,38,3109.545613
9.491371,38,3110.531873
22.342129,38,3111.249836
28.755319,38,3112.117849
12.987927,38,3113.121781
6.845695,38,3114.344242
25.0,38,3115.276136
2.997462,38,3115.900849
9.592987,38,3116.468453
9.718193,38,3117.182859
21.0,38,3117.918049
11.462118,38,3118.576728
25.0,38,3119.225896
17.055897,38,3119.8271
24.820117,38,3120.426859
14.154958,38,3121.079081
4.511566,38,3121.754229
11.35362,38,3122.356851
20.828197,38,3123.095046
12.4,38,3123.808921
9.883491,38,3124.40796
7.217381,38,3125.339413
23.519701,38,3126.065269
7.814097,38,3126.969982
8.237366,38,3127.947205
36.034399,38,3128.5347
13.2,38,3129.245614
33.0,38,3130.759945
11.270103,38,3131.875291
14.20762,38,3132.520177
12.882461,38,3133.208093
8.902433,38,3133.748838
22.227964,38,3134.393028
20.798523,38,3135.093377
7.71982,38,3135.996357
23.879663,38,3136.618714
48.435973,38,3137.275048
28.93467,38,3137.987125
10.611464,38,3138.584927
13.43839,38,3139.17541
25.0,38,3139.778973
10.446526,38,3140.473905
39.5,38,3141.028886
6.885568,38,3141.547541
16.038701,38,3142.19454
6.602412,38,3142.956875
3.71294,38,3143.642102
45.723566,38,3144.290528
9.314311,38,3144.892037
6.323864,38,3145.502815
17.773846,38,3147.909081
21.0,38,3148.549657
28.0,38,3149.089408
9.742409,38,3149.685104
17.805584,38,3150.331233
12.4,38,3151.326086
37.0,38,3151.97802
11.295891,38,3152.754545
7.75042,38,3153.293411
21.690275,38,3154.040435
15.6,38,3154.679999
16.874957,38,3155.400816
34.750803,38,3156.04569
8.533991,38,3156.686238
16.721053,38,3157.172236
8.510809,38,3157.760455
15.09888,38,3158.383964
18.640645,38,3158.976316
72.0,38,3159.563054
28.058737,38,3160.156945
9.690403,38,3160.724343
3.723241,38,3161.200716
19.032383,38,3161.869334
43.845752,38,3162.454154
21.086003,38,3163.06528
34.10185,38,3163.677747
17.208521,38,3164.223571
13.160298,38,3164.74211
14.960149,38,3165.32134
17.118331,38,3166.023563
4.472182,38,3166.592479
75.27155,38,3167.193779
9.917573,38,3167.780437
6.428393,38,3168.260278
3.901593,38,3168.75106
27.447233,38,3169.499144
12.014826,38,3170.27071
22.176264,38,3171.069751
22.020466,38,3171.859899
121.734694,38,3172.467761
25.135165,38,3173.262064
6.951596,38,3174.052372
13.633326,38,3174.792423
6.802202,38,3175.521152
5.535817,38,3176.271428
40.0,38,3176.880483
9.289104,38,3177.646886
11.231098,38,3178.416917
84.337998,38,3179.159477
26.0,38,3179.915074
18.089294,38,3180.579118
21.988227,38,3181.274009
12.344704,38,3182.138689
45.052577,38,3182.886732
15.432928,38,3185.014073
37.566568,38,3185.616154
4.802179,38,3186.404376
30.460033,38,3187.399109
11.02612,38,3188.327854
8.810188,38,3188.93815
9.699556,38,3189.492849
2.259524,38,3190.080948
44.0,38,3191.308887
32.088945,38,3192.30503
11.240585,38,3193.77716
50.0,38,3194.46202
39.832303,38,3195.131294
15.209261,38,3196.063288
6.2,38,3196.858945
41.413534,38,3197.505179
4.059109,38,3198.278711
10.217291,38,3198.797036
7.437259,38,3199.410438
18.75486,38,3200.885999
12.939937,38,3202.556994
15.1355,38,3203.854814
6.146821,38,3204.76899
3.684057,38,3205.370806
39.968892,38,3207.027401
21.0,38,3208.120677
6.803483,38,3209.242454
17.093473,38,3210.004041
58.0,38,3210.646896
4.578927,38,3212.134164
11.0,38,3212.97346
17.6,38,3213.706182
12.4,38,3214.357372
44.0,38,3214.940093
79.463519,38,3215.527025
42.0,38,3216.620063
14.0,38,3218.059124
7.783919,38,3218.697048
37.278552,38,3219.490359
16.301753,38,3220.409813
18.0,38,3221.347064
22.0,38,3223.825323
12.722165,38,3224.803952
11.8,38,3225.949506
17.669176,38,3227.178316
32.0,38,3228.294233
4.308517,38,3228.914645
28.597957,38,3229.530535
10.406747,38,3230.290012
60.0,38,3231.163629
37.529512,38,3231.722958
60.988413,38,3233.344457
11.291794,38,3234.623322
10.278504,38,3235.474105
84.0,38,3239.700687
7.7,38,3240.825712
38.907863,38,3241.642062
54.180977,38,3242.301772
8.028191,38,3242.910297
9.769366,38,3243.54502
9.960176,38,3244.578492
4.142271,38,3245.590783
33.9618,38,3246.80538
23.0,38,3247.739282
8.599072,38,3248.787682
5.857797,38,3249.80633
